id,name,category,unit,estimatedUnitCost,commonPackageSize,shelfLifeDays,tags,calories,protein_g,carbs_g,fat_g,fiber_g
anchovies-canned,Anchovies in olive oil (canned),canned,can,2.95,2 oz tin (~$2.95),730,high-protein; gluten-free; umami,95,13,0,4.5,
anchovy-fillets,Anchovy Fillets in Oil,canned,can,2.5,2 oz tin (~$2.50),730,seafood; canned; umami; shelf-stable,60,8,0,2.8,0
apple-pie-filling,Apple pie filling (canned),canned,can,3.25,21 oz can (~$3.25),730,vegan; vegetarian; baking,500,1,126,0,6
applesauce,Applesauce,canned,1/2 cup,0.5,24 oz jar (~$2.99),730,vegan; vegetarian; gluten-free; dairy-free; baking; cheap,50,0,14,0,1.5
atchara,Atchara,canned,cup,1.4,12 oz jar,365,pickled; filipino; papaya; vegan; sweet-sour,60,0.6,15,0.1,1.5
bamboo-shoots,Bamboo shoots (canned),canned,can,2.25,8 oz can (~$2.25),1095,vegan; vegetarian; gluten-free,45,4,8,0.5,4
banana-blossom,Banana blossom (canned),canned,can,2.5,20 oz (~$2.50),730,vegan,90,3,18,1,8
banana-peppers,"Banana peppers (jarred, sliced)",canned,jar,2.95,16 oz jar (~$2.95),540,vegan; vegetarian; gluten-free; acidic; cheap,40,2,8,0,4
beef-broth,Beef broth,canned,cup,0.85,32 oz (~$3.50),365,,15,3,1,0.5,
beef-stock,Beef stock,canned,cup,0.52,32 oz carton (~$2.10),365,staple,20,3,1,0.5,
canned-beets,"Beets (canned, sliced)",canned,can,1.5,15 oz can (~$1.50),730,vegan; vegetarian; gluten-free,130,4,30,0,6
black-beans,Black beans (canned),canned,can,1.1,15 oz can (~$1.10),730,staple; vegan,340,22,60,1,24
black-olives,"Black olives (canned, sliced)",canned,can,1.65,6 oz can (~$1.65),730,vegan; vegetarian; gluten-free; umami,120,1,7,11,3
black-eyed-peas,Black-eyed peas (canned),canned,can,1.2,15 oz can ~$1.20,730,cheap; vegan; vegetarian; high-protein; gluten-free; dairy-free,280,18,50,1.5,14
blueberry-pie-filling,Blueberry Pie Filling,canned,can,4.2,21 oz can,730,filling; pie; fruit; baking,90,0,22,0,1
bone-broth,Bone broth,canned,cup,1.5,32 oz carton (~$6),365,high-protein; gluten-free; dairy-free,45,9,1,1,0
bottarga,Bottarga,canned,oz,9,3 oz piece,365,preserved-fish; cured-roe; italian; umami; premium,110,13,1,6,
bouillon-cube,Bouillon cube,canned,cube,0.25,12 cubes (~$3),730,,10,0.5,1,0,
bread-and-butter-pickles,Bread and butter pickles (jarred),canned,jar,3.75,24 oz jar (~$3.75),365,vegan; vegetarian; gluten-free; acidic,160,0,40,0,2
butter-beans,Butter beans (canned),canned,can,1.35,15 oz can (~$1.35),730,vegan; vegetarian; gluten-free; high-protein; cheap,300,18,54,1,15
calabrian-chili-paste,Calabrian Chili Paste,canned,tbsp,0.55,7 oz jar,540,jarred; italian; spicy; condiment; vegan,35,0.4,2,3,0.5
canned-chicken,Canned chicken,canned,can,3,12 oz can (~$3),730,high-protein,240,50,0,4,
canned-chili,Canned chili,canned,can,2.5,15 oz can (~$2.50),730,,360,16,40,14,12
canned-clams,Canned clams,canned,can,3,6.5 oz (~$3),730,,130,22,4,2,
canned-crab,Canned Crab,canned,can,4.5,6 oz can (~$4.50),1095,seafood; canned; shelf-stable; high-protein,112,23,0,1.4,0
canned-jackfruit,Canned jackfruit,canned,can,2.5,20 oz (~$2.50),730,vegan,165,2,40,0.5,3
canned-salmon,Canned salmon,canned,can,3.5,6 oz can (~$3.50),730,high-protein,240,34,0,12,
sardines,Canned sardines,canned,can,2,3.75 oz can (~$2),730,high-protein,190,23,0,10,
tomato-soup-can,Canned tomato soup,canned,can,1.8,10.75 oz can (~$1.80),730,,200,5,40,3,
tuna,Canned tuna,canned,can,1.4,5 oz can (~$1.40),730,high-protein; staple,100,22,0,1,
canned-tuna-in-oil,Canned Tuna in Oil,canned,can,1.8,5 oz can (~$1.80),1095,seafood; canned; shelf-stable; high-protein,158,26,0,5.4,0
cannellini-beans,Cannellini beans (canned),canned,can,1.35,15 oz can ~$1.35,730,cheap; vegan; vegetarian; high-protein; gluten-free; dairy-free,320,22,57,1,15
caperberries,Caperberries,canned,piece,0.2,9 oz jar,730,pickled; mediterranean; briny; vegan,3,0.2,0.5,0,0.3
capers,Capers (jarred),canned,jar,3.25,3.5 oz jar (~$3.25),540,vegan; vegetarian; gluten-free; acidic; umami,45,4,9,1,6
canned-carrots,"Carrots (canned, sliced)",canned,can,1.1,14.5 oz can (~$1.10),730,vegan; vegetarian; gluten-free; cheap,90,2,21,0,6
castelvetrano-olives,Castelvetrano Olives,canned,oz,0.85,8 oz jar,540,olives; italian; buttery; vegan,40,0.3,1,4,0.8
cerignola-olives,Cerignola Olives,canned,oz,0.9,8 oz jar,540,olives; italian; large; vegan,35,0.3,1,3.5,0.8
cherry-pie-filling,Cherry pie filling (canned),canned,can,3.25,21 oz can (~$3.25),730,vegan; vegetarian; baking,560,2,140,0,4
chicken-bouillon,Chicken bouillon,canned,tsp,0.13,8 oz jar (~$6),1095,,5,0,1,0,
chicken-broth,Chicken broth,canned,cup,0.75,32 oz (~$3),365,,15,1,1,0.5,
chicken-noodle-soup,Chicken noodle soup (canned),canned,can,1.5,10.5 oz can (~$1.50),730,,150,7,21,4,2
chicken-stock,Chicken stock,canned,cup,0.5,32 oz carton (~$2),365,staple,15,2,1,0.5,
chickpeas,Chickpeas (canned),canned,can,1.1,15 oz can (~$1.10),730,staple; vegan,360,18,60,6,18
clam-chowder,Clam chowder (canned),canned,can,2.4,18.8 oz can (~$2.40),730,high-protein,380,18,42,15,2
clams-canned,Clams (canned),canned,can,2.95,6.5 oz can (~$2.95),1095,high-protein; gluten-free; dairy-free; umami,130,22,4,2,
coconut-cream,Coconut cream (canned),canned,can,2.95,13.5 oz can (~$2.95),730,vegan; vegetarian; gluten-free; dairy-free,800,8,20,80,6
coconut-milk,Coconut milk,canned,can,2.2,13.5 oz can (~$2.20),730,,720,7,11,72,
cornichons,Cornichons,canned,piece,0.18,12 oz jar,540,pickled; french; gherkin; vegan,2,0.1,0.4,0,0.2
crab-canned,Crab meat (canned),canned,can,4.5,6 oz can (~$4.50),730,high-protein; gluten-free; dairy-free,120,24,0,2,
cranberry-sauce,Cranberry sauce,canned,can,2,14 oz (~$2),730,,460,1,120,0.5,3
cream-of-celery,Cream of celery soup (condensed),canned,can,1.3,10.5 oz can (~$1.30),730,staple,220,4,22,13,2
cream-of-mushroom,Cream of mushroom soup (condensed),canned,can,1.6,10.5 oz can (~$1.60),730,vegetarian; umami,225,4,22,13,2
crushed-tomato,Crushed tomatoes,canned,can,2,28 oz can (~$2),730,,150,7,32,1,8
curtido,Curtido,canned,cup,1.35,16 oz jar,365,fermented; pickled; salvadoran; cabbage; vegan,22,1,5,0.1,2
green-chiles,Diced green chiles (canned),canned,can,1.1,4 oz can (~$1.10),730,vegan; vegetarian; gluten-free; spicy; cheap,20,1,4,0,2
rotel,Diced tomatoes with green chiles (Rotel),canned,can,1.6,10 oz can (~$1.60),730,vegan; vegetarian; gluten-free; spicy,45,2,10,0,2
dill-pickles,Dill pickles (jarred),canned,jar,3.95,24 oz jar (~$3.95),365,vegan; vegetarian; gluten-free; acidic,30,1.5,6,0.5,3
fava-beans,Fava beans,canned,can,2,15 oz (~$2),730,,270,20,48,1,18
fire-roasted-tomatoes,Fire-roasted diced tomatoes (canned),canned,can,1.7,14.5 oz can (~$1.70),730,vegan; vegetarian; gluten-free; umami,75,3,16,0,4
fish-broth,Fish broth,canned,cup,0.85,32 oz (~$3.50),365,,40,5,4,1.5,
fruit-cocktail,Fruit cocktail (canned in juice),canned,can,1.8,15 oz can (~$1.80),730,vegan; vegetarian; gluten-free; cheap,180,1,46,0,3
fukujinzuke,Fukujinzuke,canned,oz,0.7,7 oz pack,180,pickled; japanese; curry-condiment; vegan,18,0.5,4,0,0.8
gigantes-beans,Gigantes Beans In Tomato Sauce,canned,cup,2.3,19 oz can,1095,beans; greek; vegan; high-fiber; plaki,170,9,28,3,8
great-northern-beans,Great northern beans (canned),canned,can,1.3,15 oz can (~$1.30),730,vegan; vegetarian; gluten-free; high-protein; cheap,320,21,58,1,21
canned-green-beans,Green beans (canned),canned,can,1,14.5 oz can (~$1),730,vegan; vegetarian; gluten-free; cheap,60,3,12,0,6
green-olives,Green olives (jarred),canned,jar,3.5,7 oz jar (~$3.50),540,vegan; vegetarian; gluten-free; umami,,,,,
hearts-of-palm,Hearts of palm (canned),canned,can,3.75,14 oz can (~$3.75),1095,vegan; vegetarian; gluten-free,60,6,10,1,6
hominy-canned,Hominy (canned),canned,can,2,29 oz can (~$2),1095,vegan; gluten-free,140,3,30,1.5,5
hominy,Hominy (canned),canned,can,3,29 oz (~$3),730,,140,3,30,1.5,5
jackfruit-canned,Jackfruit in brine (canned),canned,can,3.25,20 oz can (~$3.25),730,vegan; vegetarian; gluten-free,100,2,24,0.5,3
kalamata-olives,Kalamata olives (jarred),canned,jar,4.95,8 oz jar (~$4.95),540,vegan; vegetarian; gluten-free; umami,320,2,16,30,8
kidney-beans,Kidney beans (canned),canned,can,1.1,15 oz can (~$1.10),730,vegan,340,22,62,1,22
kippers,Kippers,canned,can,2.8,3.5 oz tin (~$2.80),1095,seafood; canned; smoked-herring; shelf-stable; omega-3,195,18,0,13,0
kimchi-radish,Kkakdugi Radish Kimchi,canned,cup,2.2,16 oz jar,120,fermented; korean; kimchi; vegan; spicy,30,1.5,6,0.2,2
kosher-dill-pickles,Kosher Dill Pickles,canned,piece,0.45,24 oz jar,540,pickled; cucumber; vegan; low-calorie,5,0.3,1,0.1,0.5
lima-beans,Lima beans (canned),canned,can,1.25,15 oz can (~$1.25),730,vegan; vegetarian; gluten-free; high-protein; cheap,300,18,54,1,15
lime-pickle,Lime Pickle,canned,tbsp,0.3,10 oz jar,540,pickled; indian; achar; spicy; vegan,15,0.2,2,0.8,0.5
mackerel-canned,Mackerel (canned),canned,can,2.65,4.4 oz can (~$2.65),1095,high-protein; gluten-free; dairy-free,400,50,0,22,
mandarin-oranges,Mandarin oranges (canned),canned,can,1.55,15 oz can (~$1.55),730,vegan; vegetarian; gluten-free; cheap,160,2,40,0,3
mango-chutney,Mango Chutney,canned,tbsp,0.3,9 oz jar,540,chutney; indian; sweet; condiment; vegan,35,0.1,9,0,0.3
manzanilla-olives,Manzanilla Olives,canned,oz,0.4,10 oz jar,730,olives; spanish; green; vegan,40,0.3,1,4,1
marinara,Marinara sauce,canned,cup,1.17,24 oz jar (~$3.50),730,,70,2,12,2,
marinara-sauce,Marinara sauce,canned,cup,1.17,24 oz jar (~$3.50),730,,90,2,14,3,3
artichoke-hearts,Marinated artichoke hearts,canned,jar,3.95,12 oz jar (~$3.95),540,vegan; vegetarian; gluten-free; umami,180,6,18,11,9
minestrone-soup,Minestrone soup (canned),canned,can,2.2,19 oz can (~$2.20),730,vegetarian,210,9,40,3,9
mushroom-broth,Mushroom broth,canned,cup,0.85,32 oz carton (~$3.40),365,vegan; vegetarian; gluten-free; umami,15,1,3,0,0
canned-mushrooms,"Mushrooms (canned, sliced)",canned,can,1.4,8 oz can (~$1.40),730,vegan; vegetarian; gluten-free; umami,40,4,7,0,4
navy-beans-canned,Navy beans (canned),canned,can,1.35,15 oz can (~$1.35),730,vegan; vegetarian; high-protein; gluten-free,320,20,58,1.5,24
nicoise-olives,Nicoise Olives,canned,oz,1.1,7 oz jar,540,olives; french; provencal; vegan,45,0.3,1.2,4.5,1
tapenade,Olive Tapenade,canned,tbsp,0.55,8 oz jar,365,spread; french; olive; vegan; umami,45,0.4,1,4.5,0.6
canned-peaches,Peach slices (canned in juice),canned,can,2.2,15 oz can (~$2.20),730,vegan; vegetarian; gluten-free; cheap,190,2,48,0,4
canned-pears,Pear halves (canned in juice),canned,can,2.1,15 oz can (~$2.10),730,vegan; vegetarian; gluten-free,180,1,47,0,6
peppadew-peppers,Peppadew Peppers,canned,piece,0.35,14 oz jar,540,pickled; sweet-spicy; south-african; vegan,10,0.2,2.5,0,0.4
pepperoncini,Pepperoncini (jarred),canned,jar,3.5,16 oz jar (~$3.50),540,vegan; vegetarian; gluten-free; acidic; cheap,25,1.5,5,0.5,3
pickled-beets,Pickled Beets,canned,cup,1.1,16 oz jar,540,pickled; vegan; sweet-sour,74,1.5,18,0.1,3
pickled-cherry-peppers,Pickled Cherry Peppers,canned,piece,0.3,16 oz jar,540,pickled; spicy; vegan; sweet-hot,8,0.3,1.5,0.1,0.5
dilly-beans,Pickled Dilly Beans,canned,oz,0.5,16 oz jar,540,pickled; green-bean; vegan; dill,8,0.5,1.5,0,0.7
pickled-garlic,Pickled Garlic,canned,piece,0.12,8 oz jar,540,pickled; vegan; aromatic,4,0.2,1,0,0.1
pickled-jalapenos,Pickled jalapenos,canned,jar,2.75,12 oz jar (~$2.75),365,vegan; vegetarian; gluten-free; acidic; cheap,40,2,8,1,4
pickled-okra,Pickled Okra,canned,piece,0.22,16 oz jar,540,pickled; southern; vegan,4,0.3,1,0,0.5
pickled-red-onions,Pickled Red Onions,canned,cup,1.5,12 oz jar,120,pickled; vegan; garnish,40,1,9,0.1,1.5
canned-pineapple,Pineapple chunks (canned in juice),canned,can,1.65,20 oz can (~$1.65),730,vegan; vegetarian; gluten-free; cheap,280,2,70,0,5
pinto-beans,Pinto beans (canned),canned,can,1.1,15 oz can ~$1.10,730,staple; cheap; vegan; vegetarian; high-protein; gluten-free; dairy-free,330,20,60,1.5,20
piquillo-peppers,Piquillo Peppers,canned,piece,0.65,12 oz jar,730,roasted; spanish; vegan; sweet,15,0.6,3,0.2,1
pumpkin,Pumpkin (canned),canned,cup,1.14,15 oz (~$2),730,,83,3,20,1,7
pumpkin-pie-filling,"Pumpkin pie filling (canned, sweetened)",canned,can,2.95,30 oz can (~$2.95),730,vegetarian; baking,580,7,140,2,18
pumpkin-puree,Pumpkin puree (canned),canned,can,2.45,15 oz can (~$2.45),730,vegan; vegetarian; gluten-free; baking,140,4,34,1,12
red-beans,Red beans (canned),canned,can,1.1,15 oz (~$1.10),730,,330,22,60,1,24
enchilada-sauce,Red enchilada sauce (canned),canned,can,1.55,10 oz can (~$1.55),730,vegan; vegetarian; gluten-free; spicy,90,2,13,3,3
refried-beans,Refried beans,canned,can,1.3,16 oz can (~$1.30),730,,380,24,64,4,22
roasted-red-peppers,Roasted red peppers (jarred),canned,jar,3.25,12 oz jar (~$3.25),540,vegan; vegetarian; gluten-free; umami,60,2,12,1,4
roasted-red-pepper,Roasted red peppers (jarred),canned,cup,1.5,12 oz (~$3),730,,40,1.5,8,0.5,2
salted-anchovies,Salt-Packed Anchovies,canned,oz,1.1,8 oz tin,730,preserved-fish; salt-cured; umami; italian,58,8,0,2.7,
sardines-in-olive-oil,Sardines In Olive Oil,canned,can,2.8,4.4 oz can,1460,preserved-fish; omega-3; high-protein; pantry,210,22,0,13,
sardines-in-tomato-sauce,Sardines In Tomato Sauce,canned,can,1.4,4.4 oz can,1095,preserved-fish; omega-3; high-protein; pantry,180,18,1,11,
sauerkraut,Sauerkraut (jarred),canned,jar,3.5,32 oz jar (~$3.50),540,vegan; vegetarian; gluten-free; acidic; cheap,27,1.3,6,0.2,4
seafood-broth,Seafood broth,canned,cup,0.85,32 oz (~$3.50),365,,40,5,4,1.5,
smoked-oysters,Smoked Oysters,canned,can,2.5,3 oz tin (~$2.50),1095,seafood; canned; smoked; shelf-stable,140,11,6,8,0
canned-oysters,Smoked oysters (canned),canned,can,2.75,3 oz tin (~$2.75),1095,high-protein; gluten-free; dairy-free; umami,140,12,6,8,0
smoked-trout-tinned,Smoked Trout Tinned,canned,can,4.5,3.5 oz can,1095,preserved-fish; smoked; omega-3; high-protein; conserva,160,18,0,10,
stewed-tomatoes,Stewed tomatoes (canned),canned,can,1.55,14.5 oz can (~$1.55),730,vegan; vegetarian; gluten-free,110,3,26,0,4
straw-mushroom,Straw Mushroom,canned,cup,0.85,15 oz can,730,specialty-mushroom; asian; canned,58,7,8.4,0.7,2.5
stuffed-grape-leaves,Stuffed Grape Leaves,canned,piece,0.4,14 oz can,1095,dolma; mediterranean; vegan; rice-stuffed,35,0.6,5,1.5,0.8
sun-dried-tomatoes,Sun-dried tomatoes (jarred in oil),canned,jar,4.5,8.5 oz jar (~$4.50),540,vegan; vegetarian; gluten-free; umami,480,10,40,32,10
sun-dried-tomatoes-in-oil,Sun-Dried Tomatoes In Oil,canned,oz,1.2,8.5 oz jar,540,jarred; italian; umami; vegan,60,1,6,4,1.5
canned-corn,Sweet corn (canned),canned,can,1,15 oz can (~$1),730,vegan; vegetarian; gluten-free; cheap; staple,270,9,60,3,9
canned-peas,Sweet peas (canned),canned,can,1,15 oz can (~$1),730,vegan; vegetarian; gluten-free; cheap,210,13,38,1,13
sweet-red-bean-paste,Sweet Red Bean Paste,canned,oz,0.45,18 oz can,540,paste; asian; anko; sweet; baking; vegan,95,2,21,0.3,2
condensed-milk,Sweetened condensed milk,canned,can,1.75,14 oz (~$1.75),730,,1300,32,220,35,
halva,Tahini Halva,canned,oz,0.9,16 oz tub,365,confection; middle-eastern; sesame; sweet; vegan,135,3,15,8,1.5
takuan,Takuan Pickled Daikon,canned,oz,0.55,12 oz pack,180,pickled; japanese; tsukemono; vegan,5,0.2,1.2,0,0.4
tamarind-chutney,Tamarind Chutney,canned,tbsp,0.3,8 oz jar,365,chutney; indian; sweet-sour; condiment; vegan,40,0.2,10,0,0.4
tart-cherries,Tart cherries (canned in water),canned,can,3.5,14.5 oz can (~$3.50),730,vegan; vegetarian; gluten-free; baking,150,2,36,0,4
tinned-mussels,Tinned Mussels In Escabeche,canned,can,3.5,4 oz can,1460,preserved-fish; shellfish; spanish; conserva; high-protein,140,13,4,8,
tomato-passata,Tomato passata (strained tomatoes),canned,cup,0.95,24 oz jar (~$2.85),540,vegan; vegetarian; gluten-free; staple,75,3,15,0,3
tomato-paste,Tomato paste,canned,tbsp,0.1,6 oz can (~$1.25),730,umami,13,0.7,3,0,
tomato-puree,Tomato puree (canned),canned,can,1.4,28 oz can (~$1.40),730,vegan; vegetarian; gluten-free; staple,270,12,63,2,12
tomato-sauce,Tomato sauce,canned,cup,0.6,15 oz can (~$1),730,staple,60,3,12,0,3
torshi,Torshi Mixed Pickles,canned,cup,1.6,16 oz jar,540,pickled; middle-eastern; persian; vegan,25,1,5,0.2,1.5
tuna-in-oil,Tuna in olive oil (canned),canned,can,2.5,5 oz can (~$2.50),730,high-protein; gluten-free; dairy-free; umami,190,24,0,10,0
tuna-ventresca,Tuna Ventresca In Olive Oil,canned,can,8.5,4 oz jar,1460,preserved-fish; premium; spanish; conserva; high-protein,190,21,0,12,
turkey-gravy,Turkey gravy,canned,can,1.5,12 oz (~$1.50),730,,130,5,20,3.5,1
veggie-broth,Vegetable broth,canned,cup,0.75,32 oz (~$3),365,vegan,15,1,3,0,
baked-beans,Vegetarian baked beans,canned,can,1.85,16 oz can (~$1.85),730,vegetarian; cheap,380,19,75,1.5,18
water-chestnuts,Water chestnuts (canned),canned,can,1.85,8 oz can (~$1.85),1095,vegan; vegetarian; gluten-free; cheap,120,2,28,0.5,6
white-beans,White beans (canned),canned,can,1.1,15 oz can (~$1.10),730,vegan,350,22,64,1,18
whole-peeled-tomatoes,Whole peeled tomatoes (canned),canned,can,2,28 oz can (~$2),730,vegan; vegetarian; gluten-free; staple; cheap,140,7,31,1,7
achiote-paste,Achiote paste,condiment,tbsp,0.22,3.5 oz block (~$3),540,aromatic; vegan,30,0.5,5,1,0.5
adobo-paste,Adobo paste (Mexican),condiment,tbsp,0.28,8 oz jar (~$4.50),365,spicy; umami; vegan,25,0.5,4,1,1
agave,Agave nectar,condiment,tbsp,0.18,17 oz (~$6),730,,60,0,16,0,
agave-syrup,Agave syrup,condiment,tbsp,0.18,11 oz (~$5),730,drink,60,0,16,0,
aged-balsamic-vinegar,Aged Balsamic Vinegar,condiment,tbsp,0.95,8.5 fl oz bottle,2555,vinegar; italian; aged; finishing; syrupy,20,0,5,0,
aji-amarillo-paste,Aji amarillo paste,condiment,tbsp,0.4,8 oz (~$6),365,,15,0.3,3,0.3,0.5
aji-verde,Aji Verde,condiment,tbsp,0.4,10 oz bottle,60,peruvian; green-sauce; spicy; creamy; cilantro,45,0.5,1.5,4.5,0.3
ajvar,Ajvar,condiment,tbsp,0.4,19 oz jar,540,balkan; roasted-red-pepper; spread; vegan,30,0.5,3,2,0.8
alfredo-sauce,Alfredo sauce (jarred),condiment,1/2 cup,1.05,15 oz jar (~$3.50),365,staple,200,4,6,18,0
almond-butter,Almond Butter,condiment,tbsp,0.45,16 oz (~$10.00),365,spread; nut-butter; protein,98,3.4,3,9,1.6
almond-oil,Almond Oil,condiment,tbsp,0.68,8 fl oz bottle,365,oil; nutty; finishing,120,0,0,14,
aloe-vera-juice,Aloe Vera Juice,condiment,fl oz,0.18,32 fl oz (946 mL) bottle,30,juice; beverage; mixer,5,0,1.3,0,
amaretto,Amaretto,condiment,fl oz,0.7,25.4 fl oz (750 mL) bottle,1825,cooking-alcohol; liqueur; almond; sweet,110,0,17,0,
amba-sauce,Amba sauce,condiment,tbsp,0.57,7 oz (~$4),365,,20,0.3,3,0.8,0.3
anchovy-paste,Anchovy paste,condiment,tsp,0.38,2 oz (~$4.50),365,umami,10,1.5,0,0.5,
anchovy-stock,Anchovy stock powder,condiment,tsp,0.25,2 oz (~$4),365,,8,0.8,1,0.2,
anise-extract,Anise Extract,condiment,tsp,0.16,4 fl oz bottle,1460,flavoring; extract; licorice,11,0,0,0,
aperol,Aperol,condiment,oz,0.7,750ml (~$25),1825,drink,45,0,5,0,
apple-butter,Apple butter,condiment,tbsp,0.25,14 oz jar (~$5.00),365,vegan; vegetarian,,,,,
apple-cider-vinegar,Apple cider vinegar,condiment,tbsp,0.11,16 oz (~$3.50),1095,acidic,3,0,0,0,
apple-juice,Apple juice,condiment,cup,0.25,64 oz (~$3.50),30,,114,0,28,0,
apricot-jam,Apricot jam,condiment,tbsp,0.2,12 oz (~$4),365,,50,0.1,13,0,0.2
argan-oil,Argan Oil,condiment,tbsp,1.35,8.5 fl oz bottle,540,oil; moroccan; finishing; nutty; specialty,120,0,0,14,
bitters,Aromatic bitters,condiment,tsp,0.15,small bottle (~$8),1825,drink,2,0,0,0,
avocado-oil,Avocado oil,condiment,tbsp,0.35,17 oz (~$12),365,,124,0,0,14,
awase-miso,Awase Miso,condiment,tbsp,0.33,17.6 oz tub,540,japanese; fermented; blended-miso; umami,34,2.2,4.5,1,0.9
bacon-fat,Bacon Fat,condiment,tbsp,0.18,14 oz jar,180,fat; rendered; pork; smoky,115,0,0,13,
bagoong,Bagoong Shrimp Paste,condiment,tsp,0.18,17.6 oz jar,540,filipino; fermented; shrimp; umami; salty,10,1,0.5,0.3,
balsamic-vinaigrette,Balsamic vinaigrette,condiment,tbsp,0.15,14 oz bottle (~$4.20),270,vegan; vegetarian; acidic,,,,,
balsamic,Balsamic vinegar,condiment,tbsp,0.2,16 oz (~$6),1095,,14,0,3,0,
banana-extract,Banana Extract,condiment,tsp,0.12,4 fl oz bottle,1460,flavoring; extract,4,0,0.2,0,
banana-ketchup,Banana ketchup,condiment,tbsp,0.15,12 oz bottle (~$3.50),365,vegan,30,0.2,7,0,0.1
banyuls-vinegar,Banyuls Vinegar,condiment,tbsp,0.55,16.9 fl oz bottle,1825,vinegar; french; aged; wine,3,0,0,0,
barley-malt-syrup,Barley Malt Syrup,condiment,tbsp,0.3,16 oz jar,730,sweetener; syrup; malt; baking-aid,60,0.6,14,0,
barley-miso,Barley Miso,condiment,tbsp,0.4,16 oz tub,540,japanese; fermented; mugi-miso; earthy; umami,33,2,5,1,1.2
bbq-sauce,BBQ sauce,condiment,tbsp,0.1,18 oz (~$3.50),180,,30,0,8,0,
beef-bouillon,Beef bouillon cubes,condiment,cube,0.08,25-cube box (~$2),730,staple,15,1,1,0.5,
beef-dripping,Beef Dripping,condiment,tbsp,0.2,8.8 oz tub,270,fat; rendered; roasting; british,115,0,0,13,
beef-tallow,Beef Tallow,condiment,tbsp,0.22,16 oz tub,365,fat; rendered; high-heat; frying,115,0,0,13,
beer,Beer (cooking),condiment,oz,0.14,12 oz can (~$1.67),90,,12,0.1,1,0,
belacan,"Belacan (shrimp paste, dried)",condiment,tsp,0.1,7 oz block (~$5),730,umami,8,1.5,0.5,0,0
black-bean-garlic-sauce,Black Bean Garlic Sauce,condiment,jar,3.99,7 oz,365,chinese; fermented; savory; stir-fry,70,3,12,1,2
black-sesame-oil,Black Sesame Oil,condiment,tbsp,0.58,6.2 fl oz bottle,540,oil; toasted; finishing; asian,120,0,0,14,
black-tea,Black tea,condiment,bag,0.08,box of 20 (~$1.60),730,drink,2,0,0.5,0,
treacle,Black Treacle,condiment,tbsp,0.28,16 oz tin,730,sweetener; syrup; british,58,0,15,0,
blue-cheese-dressing,Blue cheese dressing,condiment,tbsp,0.2,16 oz bottle (~$5.00),90,vegetarian,73,0.7,1,7.6,
lemon-juice-bottled,Bottled lemon juice,condiment,tbsp,0.15,8 oz bottle (~$2.49),365,vegan; vegetarian; gluten-free; dairy-free; acidic; staple,3,0.1,1,0,0.1
lime-juice-bottled,Bottled lime juice,condiment,tbsp,0.15,8 oz bottle (~$2.49),365,vegan; vegetarian; gluten-free; dairy-free; acidic; staple,3,0.1,1,0,0.1
bourbon,Bourbon,condiment,oz,0.9,750ml (~$24),1825,drink,70,0,0,0,
branston-pickle,Branston Pickle,condiment,tbsp,0.35,10.6 oz jar,540,british; sweet-pickle; chutney; tangy,25,0.3,6,0,0.4
coffee,Brewed coffee,condiment,cup,0.2,ground (~per cup),365,drink,2,0.3,0,0,
brown-gravy,Brown gravy (jarred),condiment,1/4 cup,0.4,12 oz jar (~$1.80),540,,25,1,4,1,
brown-rice-syrup,Brown Rice Syrup,condiment,tbsp,0.32,21 oz jar,730,sweetener; syrup; vegan,55,0.1,14,0,
brown-sauce,Brown Sauce,condiment,tbsp,0.22,9.1 oz bottle,540,british; tangy; savory; hp-style,25,0.3,6,0,0.2
buffalo-sauce,Buffalo sauce,condiment,tbsp,0.15,12 oz (~$3.50),180,,5,0,1,0,
butter-extract,Butter Extract,condiment,tsp,0.12,4 fl oz bottle,1460,flavoring; extract,4,0,0.2,0,
butterfly-pea-flower,Butterfly Pea Flower,condiment,tsp,0.3,1.7 oz (50 g) dried flowers,730,tea; herbal; caffeine-free; blue; natural-dye,2,0.1,0.4,0.01,0.2
caesar-dressing,Caesar dressing,condiment,tbsp,0.18,16 oz bottle (~$4.50),180,vegetarian,78,0.4,0.5,8.5,
calvados,Calvados,condiment,fl oz,1.3,25.4 fl oz (750 mL) bottle,3650,cooking-alcohol; apple-brandy; spirit,70,0,0.5,0,
campari,Campari,condiment,oz,0.8,750ml (~$28),1825,drink,65,0,8,0,
cane-syrup,Cane Syrup,condiment,tbsp,0.34,11.5 oz can,730,sweetener; syrup; southern,60,0,15,0,
cane-vinegar,Cane Vinegar,condiment,tbsp,0.2,12.7 fl oz bottle,730,vinegar; filipino; sugarcane; sukang-iloco,3,0,0,0,
canola-oil,Canola oil,condiment,tbsp,0.05,48 oz (~$5),365,,124,0,0,14,
caramel-sauce,Caramel sauce,condiment,tbsp,0.25,12.25 oz jar (~$4.50),365,vegetarian; baking,60,0,14,1,
green-seasoning,Caribbean green seasoning,condiment,tbsp,0.2,10 oz bottle (~$4.50),180,aromatic; vegan,5,0,1,0,0
cashew-butter,Cashew Butter,condiment,tbsp,0.55,11 oz (~$11.00),365,spread; nut-butter,94,2.8,4.4,7.9,0.3
chai-tea,Chai tea,condiment,bag,0.12,box of 20 (~$2.40),730,drink,3,0,0.6,0,
chamomile-tea,Chamomile Tea Bags,condiment,tea bag,0.18,20-count box (~$3.60),730,tea; caffeine-free; beverage,0,0,0,0,0
champagne-vinegar,Champagne Vinegar,condiment,tbsp,0.13,12.7 fl oz (~$5.50),1825,vinegar; mild; dressing,3,0,0,0,0
char-siu-sauce,Char siu sauce,condiment,tbsp,0.22,14 oz jar (~$5),540,umami; sweet,45,0.5,10,0,0
chardonnay-vinegar,Chardonnay Vinegar,condiment,tbsp,0.4,12.7 fl oz bottle,1095,vinegar; white-wine; bright; dressing,3,0,0,0,
chermoula,Chermoula,condiment,tbsp,0.55,7 oz jar,180,moroccan; herb; marinade; cilantro; spicy,50,0.5,1.5,5,0.5
chicory-root-coffee,Chicory Root Coffee,condiment,tsp,0.1,7 oz (198 g) ground,365,coffee-substitute; caffeine-free; roasted-root,5,0.1,1,0.02,0.6
chili-crisp,Chili crisp,condiment,tsp,0.14,7.4 oz (~$6),365,,30,0,1,3,
chili-garlic-sauce,Chili garlic sauce,condiment,tsp,0.09,8 oz (~$4.50),365,,5,0,1,0,
chili-oil,Chili oil,condiment,tsp,0.17,6 oz (~$6),365,,40,0,0,4.5,
chimichurri,Chimichurri sauce,condiment,tbsp,0.45,12 oz jar (~$7.50),120,vegan; vegetarian; acidic,65,0.2,1,7,0.3
black-bean-sauce,Chinese black bean sauce,condiment,tbsp,0.18,8 oz jar (~$3.80),720,vegan; vegetarian; umami,15,0.8,2,0.5,0.3
black-vinegar,Chinese black vinegar,condiment,tbsp,0.13,16 oz (~$4),1095,,8,0.2,1.5,0,
chinkiang-vinegar,Chinkiang black vinegar,condiment,tbsp,0.13,18.6 oz bottle (~$4.50),1095,acidic; vegan,8,0,2,0,0
chipotle-in-adobo,Chipotle peppers in adobo,condiment,can,2.5,7 oz can (~$2.50),1095,vegan; vegetarian; umami,,,,,
chocolate-syrup,Chocolate syrup,condiment,tbsp,0.15,24 oz bottle (~$4.50),730,vegan; vegetarian; baking,54,0.4,12,0.2,0.5
cholula-hot-sauce,Cholula Hot Sauce,condiment,tsp,0.06,5 fl oz (~$3.50),1825,hot-sauce; mexican; mild,0,0,0,0,0
chow-chow,Chow Chow Relish,condiment,tbsp,0.3,16 oz jar,540,southern; relish; pickled; tangy,15,0.3,3.5,0,0.4
club-soda,Club soda,condiment,oz,0.04,1L (~$1.50),365,drink,0,0,0,0,
cocktail-sauce,Cocktail Sauce,condiment,tbsp,0.12,12 oz (~$3.50),365,seafood; shrimp; horseradish,20,0,5,0,0
cocoa-butter,Cocoa Butter,condiment,oz,0.85,1 lb block,730,fat; chocolate-making; tempering; baking,250,0,0,28,
coconut-aminos,Coconut aminos,condiment,tbsp,0.3,8 oz bottle (~$5),540,umami; vegan; gluten-free,15,0,3,0,0
coconut-oil,Coconut oil,condiment,tbsp,0.21,14 oz (~$6),730,,120,0,0,14,
coconut-vinegar,Coconut Vinegar,condiment,tbsp,0.28,12.7 fl oz bottle,730,vinegar; filipino; tropical; fermented,2,0,0,0,
coffee-extract,Coffee Extract,condiment,tsp,0.25,4 fl oz bottle,1460,flavoring; extract,2,0,0.2,0,
coffee-liqueur,Coffee liqueur,condiment,oz,0.7,750ml (~$22),1825,drink,91,0,11,0,
cognac,Cognac,condiment,tbsp,0.75,750 mL bottle (~$35.00),3650,spirit; cooking; sauce; flambe,33,0,0,0,0
cola,Cola,condiment,oz,0.06,2L (~$2.50),365,drink,12,0,3.3,0,
cold-brew,Cold brew concentrate,condiment,cup,0.4,bottle (~$5),14,drink,5,0.5,0,0,
comeback-sauce,Comeback Sauce,condiment,tbsp,0.28,12 oz bottle,180,southern; mississippi; creamy; spicy; dipping,80,0.2,2,8,0.1
cookie-butter,Cookie butter (Biscoff spread),condiment,tbsp,0.3,14 oz jar (~$4.50),365,vegan; vegetarian; baking,,,,,
speculoos-spread,Cookie Butter (Speculoos),condiment,jar,4.99,14 oz,365,belgian; sweet; spread; dessert,525,3,58,31,1
cooking-red-wine,Cooking Red Wine,condiment,fl oz,0.25,25.4 fl oz (750 mL) bottle,365,cooking-alcohol; wine; braising,25,0.1,1.2,0,
cooking-spray,Cooking spray,condiment,spray,0.02,6 oz (~$4.50),730,,0,0,0,0,
cooking-white-wine,Cooking White Wine,condiment,fl oz,0.25,25.4 fl oz (750 mL) bottle,365,cooking-alcohol; wine; deglazing,24,0.1,0.8,0,
corn-oil,Corn Oil,condiment,tbsp,0.07,48 fl oz (~$6.50),540,oil; neutral; frying,122,0,0,14,0
horseradish-sauce,Creamy Horseradish Sauce,condiment,tbsp,0.12,9.5 oz (~$3.50),120,creamy; beef; spicy,60,0,2,6,0
creme-de-cassis,Creme de Cassis,condiment,fl oz,0.95,12.7 fl oz (375 mL) bottle,1095,cooking-alcohol; liqueur; blackcurrant; sweet,95,0,15,0,
creme-de-menthe,Crème de menthe (green),condiment,tbsp,0.25,750ml (~$12),1825,drink; dessert,50,0,7,0,0
fried-shallots,Crispy fried shallots,condiment,tbsp,0.1,tub (~$3.50),180,garnish,35,0.5,3,2.5,
cultured-ghee,Cultured Ghee,condiment,tbsp,0.5,13 oz jar,540,fat; clarified-butter; indian; high-heat,123,0,0,14,
curry-paste,Curry paste,condiment,tbsp,0.5,4 oz (~$4),365,,30,1,4,1,
dark-rum,Dark Rum,condiment,tbsp,0.45,750 mL bottle (~$20.00),3650,spirit; cooking; baking; flambe,32,0,0,0,0
dark-soy,Dark soy sauce,condiment,tbsp,0.17,16 oz (~$5.50),365,,10,1,2,0,
dashi-packet,Dashi packet,condiment,packet,0.5,10 packet box (~$5),540,umami,10,1,1,0,
dashi,Dashi stock,condiment,cup,0.75,pack (~$5),365,,5,1,0,0,
date-syrup,Date syrup,condiment,tbsp,0.35,12 oz bottle (~$7),730,vegan,,,,,
date-vinegar,Date Vinegar,condiment,tbsp,0.45,16.9 fl oz bottle,730,vinegar; middle-eastern; fruit; sweet,7,0,2,0,
dijon,Dijon mustard,condiment,tsp,0.09,8 oz (~$4.50),365,,5,0,0,0,
dill-relish,Dill Relish,condiment,tbsp,0.08,10 oz (~$2.50),365,relish; tangy,5,0,1,0,0
distilled-white-vinegar,Distilled White Vinegar,condiment,tbsp,0.02,32 fl oz (~$2.50),3650,vinegar; cleaning; pickling,3,0,0,0,0
doenjang,Doenjang,condiment,tbsp,0.19,16 oz tub (~$6),365,,35,3,4,1,
doenjang-paste,Doenjang (fermented soybean paste),condiment,tbsp,0.19,16 oz (~$6),365,,35,2.5,4,1,1
doubanjiang,Doubanjiang (chili bean paste),condiment,tbsp,0.25,14 oz (~$7),365,,25,1.2,3,1,0.8
dry-sherry,Dry Sherry,condiment,tbsp,0.25,750 mL bottle (~$12.00),365,cooking-wine; deglaze; sauce,15,0,1,0,0
dry-vermouth,Dry Vermouth,condiment,tbsp,0.2,750 mL bottle (~$9.00),180,cooking-wine; deglaze; sauce,16,0,1,0,0
duck-sauce,Duck Sauce,condiment,tbsp,0.07,9.5 oz (~$2.50),365,sweet; chinese-american; dipping,40,0,10,0,0
dukkah-oil,Dukkah Oil,condiment,tbsp,0.55,8 oz bottle,270,egyptian; nut; seed; spiced-oil; dipping,110,1,2,11,0.8
dulce-de-leche,Dulce de leche,condiment,tbsp,0.35,13.4 oz jar (~$5.50),365,vegetarian; baking,60,1.2,11,1.5,
egoma-oil,Egoma Oil,condiment,tbsp,0.78,6.7 fl oz bottle,300,oil; japanese; omega-3; finishing,120,0,0,14,
espresso,Espresso,condiment,shot,0.3,ground (~per shot),365,drink,3,0.1,0.5,0,
espresso-powder,Espresso Powder,condiment,tsp,0.25,3 oz jar (~$8.00),730,coffee; baking; flavor-enhancer,2,0,0,0,0
instant-espresso-beans,Espresso Roast Beans,condiment,oz,0.75,12 oz (340 g) bag,270,coffee; whole-bean; caffeine; dark-roast,0,0,0,0,
evoo,Extra virgin olive oil,condiment,tbsp,0.32,17 oz (~$11),365,,119,0,0,13.5,
douchi,Fermented Black Beans,condiment,tbsp,0.25,8 oz bag,730,chinese; fermented; douchi; salty; umami,25,2,3,0.5,1
furu,Fermented Tofu,condiment,tbsp,0.3,8.8 oz jar,540,chinese; fermented; tofu; umami; salty,20,2,1,1,
fig-jam,Fig Jam,condiment,tbsp,0.18,12 oz (~$6.00),365,spread; cheese-board; sweet,50,0,12,0,0.5
fig-vinegar,Fig Vinegar,condiment,tbsp,0.5,8.5 fl oz bottle,730,vinegar; fruit; sweet; finishing,7,0,2,0,
fino-sherry,Fino Sherry,condiment,fl oz,0.6,25.4 fl oz (750 mL) bottle,365,cooking-alcohol; fortified-wine; dry,33,0.1,0.4,0,
fiori-di-sicilia,Fiori Di Sicilia,condiment,tsp,0.45,1 fl oz bottle,1460,flavoring; extract; italian; citrus-vanilla,5,0,0,0,
fish-sauce,Fish sauce,condiment,tsp,0.08,8 oz (~$4),1095,,5,1,1,0,
flaxseed-oil,Flaxseed Oil,condiment,tbsp,0.5,8 fl oz (~$10.00),180,oil; finishing; omega-3; refrigerate,120,0,0,14,0
frangipane,Frangipane,condiment,oz,0.55,10 oz tub,60,filling; almond; baking; pastry,120,2.5,11,8,1
franks-hot-sauce,Frank's Hot Sauce,condiment,tsp,0.04,12 fl oz (~$4.00),1825,hot-sauce; buffalo; cayenne,0,0,0,0,0
french-dressing,French Dressing,condiment,tbsp,0.06,16 fl oz (~$3.00),270,dressing; sweet; tomato,60,0,5,4.5,0
galangal-paste,Galangal paste,condiment,tsp,0.18,7 oz jar (~$4.50),365,aromatic; vegan,5,0,1,0,0
aioli,Garlic Aioli,condiment,tbsp,0.18,10 oz (~$5.50),120,garlic; creamy; spread,90,0,1,10,0
gelatin-sheets,Gelatin Sheets,condiment,sheet,0.16,30 sheets box,1460,gelling-agent; setting; baking-aid,7,1.7,0,0,
genmaicha,Genmaicha,condiment,tsp,0.12,3.5 oz (100 g) bag,540,tea; japanese; green-tea; toasted-rice,3,0.2,0.6,0.02,0.2
ghee,Ghee,condiment,tbsp,0.35,13 oz (~$9),365,,120,0,0,13,
giardiniera,Giardiniera,condiment,tbsp,0.13,16 oz (~$5.00),365,pickled; italian; spicy,15,0,1,1,0.5
gin,Gin,condiment,oz,0.78,750ml (~$20),1825,drink,73,0,0,0,
ginger-ale,Ginger ale,condiment,oz,0.07,2L (~$2.50),365,drink,10,0,2.6,0,
ginger-beer,Ginger beer,condiment,oz,0.1,4-pack (~$6),365,drink,12,0,3,0,
ginger-juice,Ginger Juice,condiment,fl oz,0.6,12 fl oz (355 mL) bottle,60,juice; aromatic; mixer; spicy,10,0.2,2.2,0.05,0.1
ginger-paste,Ginger paste,condiment,tsp,0.12,8 oz tube (~$6),180,,2,0,0.5,0,
ginger-scallion-sauce,Ginger scallion sauce,condiment,tbsp,0.4,8 oz jar (~$7),90,aromatic; vegan,60,0.3,1,6,0
glucose-syrup,Glucose Syrup,condiment,tbsp,0.22,16 oz jar,730,sweetener; syrup; confectionery; baking-aid,62,0,17,0,
gochujang,Gochujang,condiment,tbsp,0.2,17.6 oz (~$7),365,,35,1,7,0,
golden-syrup,Golden Syrup,condiment,tbsp,0.3,16 oz (~$6.00),730,baking; sweetener; invert-syrup,60,0,16,0,0
grape-jelly,Grape Jelly,condiment,tbsp,0.05,18 oz (~$3.00),365,spread; sweet; pbj,50,0,13,0,0
grape-juice,Grape Juice,condiment,cup,0.5,64 fl oz bottle (~$4.00),270,juice; beverage,150,1,37,0,0
grapeseed-oil,Grapeseed oil,condiment,tbsp,0.21,16.9 oz bottle (~$7.00),365,vegan; vegetarian,120,0,0,14,
grappa,Grappa,condiment,fl oz,1,25.4 fl oz (750 mL) bottle,3650,cooking-alcohol; italian; grape-spirit,74,0,0,0,
grass-fed-ghee,Grass-Fed Ghee,condiment,tbsp,0.58,16 oz jar,540,fat; clarified-butter; high-heat,123,0,0,14,
gravy-mix,Gravy mix packet,condiment,packet,0.95,0.87 oz packet (~$0.95),730,,70,1,14,1,
greek-dressing,Greek Dressing,condiment,tbsp,0.09,16 fl oz (~$4.00),270,dressing; mediterranean; oregano,80,0,1,8,0
green-curry-paste,Green curry paste,condiment,tbsp,0.5,4 oz (~$4),365,,25,1,4,0.5,
green-goddess-dressing,Green Goddess Dressing,condiment,tbsp,0.13,12 fl oz (~$4.50),120,dressing; herby; creamy,60,0,1,6,0
green-tea,Green tea,condiment,bag,0.1,box of 20 (~$2),730,drink,2,0,0.4,0,
grenadine,Grenadine,condiment,oz,0.2,750ml (~$6),365,drink,80,0,20,0,
hard-cider,Hard Cider,condiment,cup,1.1,6-pack 12 oz (~$10.00),365,alcohol; braise; cooking,210,0,24,0,0
harissa,Harissa,condiment,tbsp,0.38,6 oz (~$4.50),365,,20,0.5,2,1.5,
hazelnut-oil,Hazelnut Oil,condiment,tbsp,0.95,8.4 fl oz bottle,365,oil; nutty; finishing; french; specialty,120,0,0,14,
hemp-oil,Hemp Seed Oil,condiment,tbsp,0.55,8 fl oz bottle,300,oil; omega-3; finishing; cold-pressed,125,0,0,14,
herbal-tea,Herbal Tea Bags,condiment,tea bag,0.15,20-count box (~$3.00),730,tea; caffeine-free; beverage,0,0,0,0,0
hibiscus-tea,Hibiscus Tea,condiment,tsp,0.1,4 oz (113 g) dried flowers,730,tea; herbal; caffeine-free; tart,2,0.1,0.5,0.01,0.3
hoisin,Hoisin sauce,condiment,tbsp,0.25,9 oz (~$4.50),365,,35,0.5,7,0.5,
hojicha-powder,Hojicha Powder,condiment,tsp,0.45,3.5 oz (100 g) tin,365,tea; japanese; roasted; caffeine,4,0.3,0.7,0.05,0.4
hondashi,Hondashi (dashi granules),condiment,tsp,0.1,2.1 oz jar (~$5),730,umami,8,1,1,0,0
honey,Honey,condiment,tbsp,0.34,12 oz (~$5.50),365,,64,0,17,0,
honey-mustard,Honey Mustard,condiment,tbsp,0.1,12 oz (~$3.50),365,mustard; sweet; sandwich,30,0,4,1.5,0
honey-mustard-dressing,Honey Mustard Dressing,condiment,tbsp,0.07,16 fl oz (~$3.50),270,dressing; sweet; tangy,60,0,4,5,0
hot-sauce,Hot sauce,condiment,tsp,0.12,5 oz (~$3.50),730,,1,0,0,0,
hummus,Hummus,condiment,1/4 cup,0.5,10 oz (~$5),14,,100,4,8,6,2
ice,Ice,condiment,cup,0,tap water,1,,0,0,0,0,
ice,Ice,condiment,cup,0.01,from your freezer,9999,drink,0,0,0,0,
invert-sugar,Invert Sugar Syrup,condiment,tbsp,0.26,16 oz jar,730,sweetener; syrup; baking-aid,56,0,15,0,
italian-dressing,Italian dressing,condiment,tbsp,0.12,16 oz bottle (~$3.80),270,vegetarian; acidic,43,0.1,1.5,4.2,
jam,Jam,condiment,tbsp,0.17,12 oz (~$4),365,,50,0,13,0,
japanese-curry-roux,Japanese curry roux,condiment,cube,0.55,8.4 oz box / 8 cubes (~$4.50),540,umami,105,1.5,10,7,0.5
goma-dressing,Japanese sesame dressing (goma),condiment,tbsp,0.24,8 oz bottle (~$5),180,nutty,60,1,3,5,0
jerez-vinegar,Jerez Sherry Vinegar,condiment,tbsp,0.48,12.7 fl oz bottle,1825,vinegar; spanish; aged; sherry,3,0,0,0,
kecap-asin,Kecap Asin,condiment,tbsp,0.22,21 oz bottle,730,indonesian; salty; soy; umami,12,1.5,1,0,
kecap-manis,Kecap manis (sweet soy),condiment,tbsp,0.25,20 oz bottle (~$8),730,umami; vegan,35,0.6,8,0,
ketchup,Ketchup,condiment,tbsp,0.08,20 oz (~$3),365,,20,0,5,0,
kewpie-mayo,Kewpie mayo,condiment,tbsp,0.17,17.6 oz (~$6),365,,100,0,0,11,
kirsch,Kirsch,condiment,fl oz,1.2,12.7 fl oz (375 mL) bottle,3650,cooking-alcohol; cherry-brandy; spirit,68,0,0,0,
black-bean-paste,Korean black bean paste (chunjang),condiment,tbsp,0.18,17.6 oz tub (~$6),540,umami; vegan,40,1.5,6,1,1
kurozu-vinegar,Kurozu Black Rice Vinegar,condiment,tbsp,0.52,16.9 fl oz bottle,1095,vinegar; japanese; aged; brown-rice,5,0,1,0,
laksa-paste,Laksa paste,condiment,tbsp,0.63,4 oz (~$5),365,,50,0.8,4,3.5,0.8
laoganma,Lao Gan Ma chili crisp,condiment,tsp,0.14,7.4 oz (~$6),365,,30,0,1,3,
lard,Lard,condiment,tbsp,0.1,16 oz (~$4.50),365,fat; baking; rendered,115,0,0,13,0
leaf-lard,Leaf Lard,condiment,tbsp,0.3,14 oz tub,270,fat; rendered; pork; baking; pastry,115,0,0,13,
lemon-curd,Lemon curd,condiment,tbsp,0.4,10 oz jar (~$5.50),365,vegetarian; baking; acidic,,,,,
lemon-lime-soda,Lemon-Lime Soda,condiment,cup,0.3,2 L bottle (~$2.50),270,soda; beverage; mixer,100,0,26,0,0
lemonade,Lemonade,condiment,cup,0.35,64 fl oz bottle (~$2.80),120,beverage; drink,110,0,28,0,0
light-rum,Light Rum,condiment,fl oz,0.45,25.4 fl oz (750 mL) bottle,3650,cooking-alcohol; spirit,64,0,0,0,
light-soy-sauce,Light soy sauce,condiment,tbsp,0.14,16.9 oz bottle (~$4.50),730,umami; staple; vegan,10,1.3,1,0,0
lime-curd,Lime Curd,condiment,tbsp,0.45,10 oz jar,120,filling; citrus; spread; baking,55,0.3,9,2,
lingonberry-jam,Lingonberry jam,condiment,tbsp,0.45,14 oz (~$7),365,,48,0.1,12,0,0.3
liquid-aminos,Liquid aminos,condiment,tbsp,0.18,16 oz bottle (~$6),730,umami; vegan; gluten-free,10,1.5,1,0,0
banh-mi-pate,Liver Pate Spread,condiment,tbsp,0.4,4 oz can,365,vietnamese; liver; spread; savory,60,2.5,0.5,5.5,
lotus-paste,Lotus Seed Paste,condiment,oz,0.5,17.6 oz can,540,filling; chinese; mooncake; baking,105,1,20,2.5,1
low-sodium-soy,Low-sodium soy sauce,condiment,tbsp,0.2,10 oz (~$4),365,,8,1,1,0,
lutenitsa,Lutenitsa,condiment,tbsp,0.38,19.4 oz jar,540,bulgarian; roasted-pepper; tomato; spread; vegan,28,0.5,4,1.5,0.8
macadamia-oil,Macadamia Nut Oil,condiment,tbsp,0.72,8.5 fl oz bottle,540,oil; nutty; high-heat; monounsaturated,120,0,0,14,
madeira-wine,Madeira Wine,condiment,fl oz,0.7,25.4 fl oz (750 mL) bottle,730,cooking-alcohol; fortified-wine,40,0.1,3,0,
maggi-seasoning,Maggi seasoning,condiment,tsp,0.15,6.7 oz bottle (~$6),1095,umami; staple,5,0.4,0.8,0,
malt-vinegar,Malt Vinegar,condiment,tbsp,0.05,16 fl oz (~$3.50),1825,vinegar; british; fish-and-chips,2,0,0.5,0,0
mango-pickle,Mango pickle (achar),condiment,tbsp,0.31,10 oz jar (~$5),540,vegan; acidic,35,0.3,2,3,0.5
maple-syrup,Maple syrup,condiment,tbsp,0.38,12 oz (~$9),365,,52,0,13,0,
marsala-wine,Marsala wine,condiment,tbsp,0.2,750ml (~$10),180,,23,0,2,0,
massaman-paste,Massaman curry paste,condiment,tbsp,0.6,4 oz (~$5),365,,35,0.8,5,1.5,1
matcha,Matcha powder,condiment,tsp,0.4,tin (~$12),365,drink,5,1,1,0,
mayonnaise,Mayonnaise,condiment,tbsp,0.08,30 oz (~$5),90,,90,0,0,10,
mentsuyu,Mentsuyu (noodle soup base),condiment,tbsp,0.16,16.2 oz bottle (~$6),365,umami,15,1,3,0,0
michiu-rice-wine,Michiu Rice Wine,condiment,fl oz,0.2,25.4 fl oz (750 mL) bottle,1095,cooking-alcohol; taiwanese; rice-wine,35,0.1,1.5,0,
mirin,Mirin,condiment,tbsp,0.25,10 oz (~$5),365,,45,0,9,0,
miso,Miso paste,condiment,tbsp,0.28,16 oz tub (~$9),365,,35,2,4,1,
mojo-rojo,Mojo Rojo,condiment,tbsp,0.42,8.5 oz jar,180,canarian; red-pepper; garlic; spicy; vegan,50,0.3,1.5,5,0.4
mojo-verde,Mojo Verde,condiment,tbsp,0.42,8.5 oz jar,180,canarian; cilantro; garlic; green-sauce; vegan,45,0.3,1,4.5,0.3
mole-paste,Mole paste (concentrate),condiment,tbsp,0.35,8.25 oz jar (~$5),365,umami,60,1,7,3,1
mole-sauce,Mole sauce,condiment,tbsp,0.5,8.25 oz jar (~$6),540,vegan,,,,,
moscatel-vinegar,Moscatel Vinegar,condiment,tbsp,0.42,12.7 fl oz bottle,1825,vinegar; spanish; sweet; wine,5,0,1,0,
mostarda,Mostarda,condiment,tbsp,0.7,8 oz jar,540,italian; fruit; mustard; sweet-spicy; condiment,50,0.2,12,0.1,0.5
mugicha,Mugicha,condiment,tsp,0.05,8 oz (227 g) roasted barley,540,tea; japanese; roasted-barley; caffeine-free,4,0.2,0.9,0.02,0.2
muhammara,Muhammara,condiment,tbsp,0.6,10 oz tub,90,syrian; walnut; red-pepper; spread; tangy,55,1,4,4,1
mustard,Mustard,condiment,tsp,0.04,12 oz (~$2.50),365,,3,0,0,0,
mustard-oil,Mustard Oil,condiment,tbsp,0.18,16 fl oz (~$7.00),540,oil; indian; pungent,124,0,0,14,0
nam-prik-pao-exclude,Nam Phrik Num,condiment,tbsp,0.5,8 oz jar,365,thai; roasted-chili; spicy; northern-thai,25,0.8,3,1,0.8
nori-sheets,Nori sheets,condiment,sheet,0.25,10 sheet pack (~$2.50),365,umami; vegan,10,1,1,0,1
nuoc-cham,Nuoc Cham,condiment,tbsp,0.3,12 oz bottle,365,vietnamese; dipping-sauce; tangy; fish-sauce; sweet,18,0.5,4,0,
nutella,Nutella,condiment,tbsp,0.25,13 oz (~$5.50),365,,100,1,11,6,
nutritional-yeast,Nutritional yeast,condiment,tbsp,0.22,4.5 oz (~$6),730,vegan; umami,20,3,2,0,1
okonomiyaki-sauce,Okonomiyaki sauce,condiment,tbsp,0.28,17.6 oz bottle (~$6.50),540,umami; sweet,35,0.5,8,0,0
olive-oil,Olive oil,condiment,tbsp,0.27,17 oz (~$9),365,staple,119,0,0,13.5,
olives,Olives,condiment,1/4 cup,0.5,6 oz (~$4),365,,50,0,3,4.5,1.5
oloroso-sherry,Oloroso Sherry,condiment,fl oz,0.75,25.4 fl oz (750 mL) bottle,730,cooking-alcohol; fortified-wine; nutty,38,0.1,1.8,0,
oolong-tea,Oolong Tea Bags,condiment,tea bag,0.2,20-count box (~$4.00),730,tea; beverage,0,0,0,0,0
orange-blossom-water,Orange Blossom Water,condiment,tsp,0.08,10 fl oz bottle,1095,flavoring; middle-eastern; floral; aromatic,0,0,0,0,
marmalade,Orange marmalade,condiment,tbsp,0.22,12 oz jar (~$4.50),540,vegan; vegetarian,49,0.1,13,0,0.2
oyster-sauce,Oyster sauce,condiment,tbsp,0.13,18 oz (~$4.50),365,,25,1,5,0,
palm-sugar,Palm sugar,condiment,tbsp,0.4,16 oz pack (~$6),1095,vegan,,,,,
panang-curry-paste,Panang curry paste,condiment,tbsp,0.55,4 oz (~$4.50),365,,35,0.8,5,1.5,1
pandan-extract,Pandan Extract,condiment,tsp,0.18,2 fl oz bottle,1095,flavoring; southeast-asian; extract,2,0,0.4,0,
pandan-paste,Pandan Paste,condiment,tsp,0.22,3.5 oz jar,730,flavoring; southeast-asian; paste,8,0,2,0,
passionfruit-curd,Passionfruit Curd,condiment,tbsp,0.55,10 oz jar,120,filling; tropical; spread; baking,58,0.4,9,2.2,
pastis,Pastis,condiment,fl oz,0.8,25.4 fl oz (750 mL) bottle,3650,cooking-alcohol; anise; french; spirit,70,0,2,0,
peanut-oil,Peanut oil,condiment,tbsp,0.14,24 oz bottle (~$6.50),540,vegan; vegetarian,119,0,0,13.5,
peanut-sauce,Peanut sauce,condiment,tbsp,0.35,11 oz jar (~$5.50),270,vegan; vegetarian,60,2,4,4.5,0.6
pedro-ximenez-sherry,Pedro Ximenez Sherry,condiment,fl oz,1.1,12.7 fl oz (375 mL) bottle,730,cooking-alcohol; fortified-wine; sweet; dessert,75,0.1,14,0,
perilla-oil,Perilla Oil,condiment,tbsp,0.62,6.7 fl oz bottle,365,oil; korean; finishing; nutty,120,0,0,14,
persimmon-vinegar,Persimmon Vinegar,condiment,tbsp,0.4,16.9 fl oz bottle,730,vinegar; korean; fruit; gamsikcho,6,0,1,0,
pesto,Pesto,condiment,tbsp,0.38,6 oz jar (~$4.50),30,,80,1,1,8,
piccalilli,Piccalilli,condiment,tbsp,0.3,12.3 oz jar,540,british; pickle; mustard; tangy; relish,18,0.3,4,0.1,0.4
pickled-ginger,Pickled ginger (gari),condiment,tbsp,0.18,6 oz jar (~$4),365,acidic; vegan,10,0,2,0,0
pickles,Pickles,condiment,1/4 cup,0.5,32 oz (~$4),365,,4,0.2,1,0.1,0.4
pique,Pique Criollo,condiment,tsp,0.15,12 oz bottle,365,puerto-rican; hot-sauce; vinegar; spicy,2,0,0.4,0,0.1
pistachio-oil,Pistachio Oil,condiment,tbsp,1.45,8.4 fl oz bottle,365,oil; nutty; finishing; specialty,120,0,0,14,
pizza-sauce,Pizza sauce (jarred),condiment,1/4 cup,0.45,14 oz jar (~$2.25),365,staple; vegan,35,1,6,1,1
plum-sauce,Plum sauce,condiment,tbsp,0.2,10 oz bottle (~$4.00),540,vegan; vegetarian,35,0.1,8,0,0.2
pomegranate-juice,Pomegranate Juice,condiment,cup,1.5,32 fl oz bottle (~$6.00),180,juice; beverage; antioxidant,135,0,33,0,0
pomegranate-molasses,Pomegranate molasses,condiment,tbsp,0.3,10 oz bottle (~$6),730,acidic; vegan,40,0.1,10,0,
ponzu,Ponzu,condiment,tbsp,0.23,10 oz (~$4.50),365,,10,1,2,0,
poppy-seed-filling,Poppy Seed Filling,condiment,oz,0.4,12 oz can,540,filling; pastry; baking; eastern-european,95,1.5,15,3.5,1.5
poppyseed-dressing,Poppyseed Dressing,condiment,tbsp,0.09,12 fl oz (~$4.00),270,dressing; sweet; salad,70,0,5,5,0
port-wine,Port Wine,condiment,tbsp,0.4,750 mL bottle (~$18.00),365,cooking-wine; sauce; reduction,24,0,2,0,0
horseradish,Prepared horseradish,condiment,tbsp,0.25,8 oz (~$4),180,,7,0.2,1.7,0.1,0.5
preserved-lemon,Preserved lemon,condiment,tbsp,0.75,8 oz (~$6),365,,5,0.2,1.5,0.1,0.6
prosecco,Prosecco,condiment,oz,0.45,750ml (~$13),30,drink,20,0,1.5,0,
pu-erh-tea,Pu-Erh Tea,condiment,tsp,0.25,3.5 oz (100 g) cake,3650,tea; chinese; fermented; dark-tea; caffeine,3,0.3,0.6,0.03,0.3
pumpkin-seed-oil,Pumpkin Seed Oil,condiment,tbsp,1.05,8.5 fl oz bottle,365,oil; austrian; finishing; nutty; specialty,120,0,0,14,
ranch,Ranch dressing,condiment,tbsp,0.13,16 oz (~$4),90,,65,0,1,7,
raspberry-jam,Raspberry Jam,condiment,tbsp,0.08,18 oz (~$4.50),365,spread; sweet; fruit,50,0,13,0,0.5
raspberry-vinaigrette,Raspberry Vinaigrette,condiment,tbsp,0.08,16 fl oz (~$3.50),270,dressing; fruity; sweet,40,0,4,3,0
raspberry-vinegar,Raspberry Vinegar,condiment,tbsp,0.35,12.7 fl oz bottle,730,vinegar; fruit; sweet; dressing,6,0,1,0,
recado-rojo,Recado Rojo,condiment,tbsp,0.35,3.5 oz block,365,mexican; yucatan; achiote; spice-paste; annatto,30,0.5,5,1,1
recaito,Recaito (green sofrito),condiment,tbsp,0.18,12 oz jar (~$3.50),180,aromatic; vegan,5,0,1,0,0
red-bean-paste,Red Bean Paste,condiment,oz,0.38,18 oz can,540,filling; asian; sweet; baking,90,1.8,20,0.3,2
red-curry-paste,Red curry paste,condiment,tbsp,0.5,4 oz (~$4),365,,25,1,4,0.5,
red-miso,Red Miso,condiment,tbsp,0.35,17.6 oz tub,540,japanese; fermented; aka-miso; robust; umami,34,2.5,4,1,1
red-palm-oil,Red Palm Oil,condiment,tbsp,0.35,16 fl oz jar,720,oil; west-african; unrefined; high-heat,120,0,0,14,
red-wine,Red wine (cooking),condiment,tbsp,0.36,750ml (~$9),30,,13,0,0.5,0,
red-wine-vinaigrette,Red Wine Vinaigrette,condiment,tbsp,0.08,16 fl oz (~$3.50),270,dressing; tangy,50,0,2,4.5,0
red-wine-vinegar,Red wine vinegar,condiment,tbsp,0.1,16 oz (~$3.50),1095,,3,0,0,0,
remoulade,Remoulade Sauce,condiment,tbsp,0.14,10 oz (~$4.50),120,cajun; creamy; seafood,80,0,2,8,0
rendang-paste,Rendang curry paste,condiment,tbsp,0.4,6.7 oz jar (~$5),540,spicy; umami,45,0.5,4,3,0.5
rice-bran-oil,Rice Bran Oil,condiment,tbsp,0.16,24 fl oz (~$9.00),540,oil; neutral; high-smoke-point,120,0,0,14,0
rice-vinegar,Rice vinegar,condiment,tbsp,0.15,12 oz (~$3.50),1095,,3,0,0,0,
romesco,Romesco sauce,condiment,tbsp,0.5,8 oz jar (~$7.00),120,vegan; vegetarian; umami,,,,,
rooibos-tea,Rooibos Tea,condiment,tsp,0.08,4 oz (113 g) bag,730,tea; herbal; caffeine-free; south-african,2,0.1,0.4,0.01,0.2
root-beer,Root Beer,condiment,cup,0.3,12-pack 12 oz cans (~$6.50),270,soda; beverage; float,120,0,32,0,0
rose-harissa,Rose Harissa,condiment,tbsp,0.65,6.5 oz jar,365,north-african; spicy; chili; rose; floral,35,0.6,3,2.5,1
rose-water,Rose Water,condiment,tsp,0.07,10 fl oz bottle,1095,flavoring; floral; middle-eastern; aromatic,0,0,0,0,
royal-icing-mix,Royal Icing Mix,condiment,oz,0.35,14 oz box,540,baking-aid; decorating; icing,105,0.4,26,0,
rum,Rum,condiment,oz,0.7,750ml (~$17),1825,drink,64,0,0,0,
saba,Saba Grape Must Syrup,condiment,tbsp,0.85,8.5 fl oz bottle,730,italian; grape-must; sweet; finishing,42,0,10,0,
safflower-oil,Safflower Oil,condiment,tbsp,0.13,32 fl oz (~$8.00),540,oil; neutral; high-smoke-point,120,0,0,14,0
sake,Sake (cooking),condiment,tbsp,0.24,750ml (~$12),30,,18,0,0.7,0,
salsa,Salsa,condiment,1/4 cup,0.44,16 oz jar (~$3.50),30,,20,0.5,5,0,
salsa-macha,Salsa macha,condiment,tbsp,0.55,8 oz jar (~$8.50),180,vegan; vegetarian; umami,,,,,
salsa-verde,Salsa verde,condiment,1/4 cup,0.45,16 oz (~$3.50),30,,20,0.5,5,0,
sambal-oelek,Sambal oelek,condiment,tbsp,0.2,8 oz jar (~$3.50),540,vegan; staple,5,0.2,1,0.1,0.4
sambal,Sambal oelek,condiment,tsp,0.08,7 oz (~$3),365,,5,0,1,0,
sambal-terasi,Sambal Terasi,condiment,tbsp,0.45,9.17 oz jar,540,indonesian; spicy; shrimp-paste; chili,20,0.6,3,0.7,0.5
gribiche,Sauce Gribiche,condiment,tbsp,0.45,8 oz tub,14,french; egg; caper; creamy; cold-sauce,75,1,1,7.5,0.1
sauerkraut,Sauerkraut,condiment,cup,0.75,16 oz (~$3),60,,27,1.3,6,0.2,4
schmaltz,Schmaltz,condiment,tbsp,0.45,12 oz jar,180,fat; rendered; chicken; jewish,115,0,0,13,
sencha,Sencha,condiment,tsp,0.2,3.5 oz (100 g) bag,365,tea; japanese; green-tea; loose-leaf; caffeine,3,0.4,0.5,0.05,0.3
sesame-ginger-dressing,Sesame Ginger Dressing,condiment,tbsp,0.1,12 fl oz (~$4.50),270,dressing; asian; tangy,50,0,4,3.5,0
sesame-oil,Sesame oil,condiment,tsp,0.15,10 oz (~$9),365,,40,0,0,4.5,
sesame-paste,Sesame paste,condiment,tbsp,0.28,16 oz (~$9),365,,89,2.6,3.2,8,1.4
shaoxing-wine,Shaoxing cooking wine,condiment,tbsp,0.1,21 oz bottle (~$4),730,umami; vegan,15,0,1,0,0
rice-wine,Shaoxing rice wine,condiment,tbsp,0.15,16 oz (~$4),365,,20,0,1,0,
shatta,Shatta,condiment,tbsp,0.5,8 oz jar,365,middle-eastern; palestinian; chili; spicy; fermented,30,0.5,2,2.5,0.8
sherry-vinegar,Sherry vinegar,condiment,tbsp,0.3,12.7 oz bottle (~$7.50),1095,vegan; vegetarian; acidic,8,0,1,0,
shrimp-paste,Shrimp paste,condiment,tsp,0.25,7 oz (~$5),365,,7,1,0.3,0.2,
simple-syrup,Simple syrup,condiment,oz,0.08,homemade (sugar+water),30,drink,80,0,21,0,
sloppy-joe-sauce,Sloppy joe sauce (canned),condiment,can,1.6,15.5 oz can (~$1.60),730,,240,4,52,1,4
sofregit,Sofregit,condiment,tbsp,0.38,12 oz jar,365,catalan; tomato; onion; base-sauce; vegan,35,0.5,3,2.5,0.7
sofrito,Sofrito,condiment,tbsp,0.42,12 oz jar (~$5),180,vegan,10,0,1,0.5,
soju-cooking,Soju,condiment,fl oz,0.3,12.7 fl oz (375 mL) bottle,1825,cooking-alcohol; korean; distilled,40,0,0,0,
sorghum-syrup,Sorghum Syrup,condiment,tbsp,0.4,16 oz jar,730,sweetener; syrup; southern,61,0,15.7,0,
soy-lecithin,Soy Lecithin,condiment,tsp,0.06,16 oz bag,730,emulsifier; baking-aid,34,0,0,4,
soy-sauce,Soy sauce,condiment,tbsp,0.18,10 oz bottle (~$3.50),365,staple,8,1,1,0,
spiced-rum,Spiced Rum,condiment,fl oz,0.48,25.4 fl oz (750 mL) bottle,3650,cooking-alcohol; spirit; spiced,65,0,1.5,0,
spicy-brown-mustard,Spicy Brown Mustard,condiment,tbsp,0.07,9 oz (~$2.50),365,mustard; deli,10,1,1,0.5,0.5
sriracha,Sriracha,condiment,tsp,0.05,17 oz (~$5),365,,5,0,1,0,
ssamjang,Ssamjang,condiment,tbsp,0.35,17 oz tub (~$7),365,umami; vegan,30,1.5,4,1,0.8
steak-sauce,Steak sauce,condiment,tbsp,0.2,10 oz (~$4),365,,15,0,4,0,
strawberry-jam,Strawberry Jam,condiment,tbsp,0.07,18 oz (~$4.00),365,spread; sweet; fruit,50,0,13,0,0
sugarcane-juice,Sugarcane Juice,condiment,fl oz,0.25,33.8 fl oz (1 L) bottle,14,juice; sweet; beverage,24,0.05,6,0.02,
sunflower-oil,Sunflower Oil,condiment,tbsp,0.09,48 fl oz (~$8.50),540,oil; neutral; high-smoke-point,120,0,0,14,0
sunflower-seed-butter,Sunflower Seed Butter,condiment,tbsp,0.3,16 oz (~$7.00),365,spread; nut-free; seed-butter,99,2.8,4,8.7,1
sushi-vinegar,Sushi vinegar,condiment,tbsp,0.19,12 oz bottle (~$4.50),730,acidic; vegan,,,,,
sweet-bean-sauce,Sweet bean sauce (tianmianjiang),condiment,tbsp,0.2,14 oz jar (~$5),540,umami; vegan; sweet,40,1.5,7,0.5,0.5
sweet-chili-sauce,Sweet chili sauce,condiment,tbsp,0.18,12 oz bottle (~$4.00),540,vegan; vegetarian,35,0.1,8.5,0,0.1
sweet-pickle-relish,Sweet Pickle Relish,condiment,tbsp,0.08,10 oz (~$2.50),365,relish; hot-dog; sweet,20,0,5,0,0
sweet-soy-sauce,Sweet soy sauce,condiment,tbsp,0.2,10 oz (~$4),365,,45,0,11,0,
sweet-vermouth,Sweet vermouth,condiment,oz,0.4,750ml (~$10),180,drink,45,0,5,0,
tabasco-sauce,Tabasco Sauce,condiment,tsp,0.1,2 fl oz (~$3.50),1825,hot-sauce; spicy; louisiana,0,0,0,0,0
tahini,Tahini,condiment,tbsp,0.28,16 oz (~$9),365,,90,3,3,8,1.5
takoyaki-sauce,Takoyaki Sauce,condiment,tbsp,0.35,17.6 oz bottle,540,japanese; sweet; savory; octopus-ball-sauce,35,0.3,8,0,0.2
tamari,Tamari,condiment,tbsp,0.28,10 oz (~$5.50),365,gluten-free,11,2,1,0,
tamarind-concentrate,Tamarind concentrate,condiment,tbsp,0.22,14 oz jar (~$5),730,acidic; vegan,35,0.3,9,0,0.5
tamarind-paste,Tamarind paste,condiment,tbsp,0.31,8 oz jar (~$5),540,acidic; vegan,30,0.4,8,0.1,0.6
tamarind,Tamarind paste,condiment,tbsp,0.71,7 oz (~$5),365,,30,0.4,8,0.1,0.6
tapatio-hot-sauce,Tapatio Hot Sauce,condiment,tsp,0.03,12 fl oz (~$3.00),1825,hot-sauce; mexican,0,0,0,0,0
tartar-sauce,Tartar Sauce,condiment,tbsp,0.1,8 oz (~$3.00),180,seafood; creamy,70,0,2,7,0
tea-seed-oil,Tea Seed Oil,condiment,tbsp,0.6,16.9 fl oz bottle,540,oil; camellia; high-heat; chinese; monounsaturated,120,0,0,14,
tequila,Tequila,condiment,oz,0.85,750ml (~$22),1825,drink,69,0,0,0,
teriyaki-sauce,Teriyaki sauce,condiment,tbsp,0.15,12 oz (~$3.50),365,,35,1,8,0,
nam-prik-pao,Thai chili jam (nam prik pao),condiment,tbsp,0.38,7.5 oz jar (~$5.50),540,spicy; sweet; umami,60,0.5,7,3.5,0.5
thai-fish-sauce,Thai fish sauce (premium),condiment,tsp,0.09,24 oz bottle (~$8),1095,umami,3,0.7,0.3,0,0
red-curry-paste-thai,Thai red curry paste,condiment,tbsp,0.5,4 oz (~$4),365,,30,0.8,4,1,1
golden-mountain-sauce,Thai seasoning sauce,condiment,tbsp,0.1,20 oz bottle (~$4),730,umami; vegan,12,1,2,0,0
thai-sweet-soy,Thai sweet soy sauce (kecap-style),condiment,tbsp,0.2,10 oz bottle (~$4.50),730,sweet; umami; vegan,45,0.5,11,0,0
thousand-island,Thousand island dressing,condiment,tbsp,0.14,16 oz bottle (~$4.00),180,vegetarian,58,0.1,2.4,5.5,0.1
tianmianjiang,Tianmianjiang,condiment,tbsp,0.45,10.6 oz jar,540,chinese; fermented; sweet-wheat-paste; umami,30,1,5,0.5,0.4
toasted-pumpkin-seed-oil,Toasted Pumpkin Seed Oil,condiment,tbsp,1.15,8.4 fl oz bottle,365,oil; styrian; roasted; finishing; specialty,120,0,0,14,
toasted-sesame-oil,Toasted sesame oil,condiment,tsp,0.15,10 oz (~$9),365,,40,0,0,4.5,
toasted-walnut-oil,Toasted Walnut Oil,condiment,tbsp,0.88,8.4 fl oz bottle,365,oil; roasted; nutty; finishing; french,120,0,0,14,
tom-yum-paste,Tom yum paste,condiment,tbsp,0.35,8 oz jar (~$5.50),540,spicy; umami,30,0.5,4,1.5,0.5
chili-sauce,Tomato Chili Sauce,condiment,tbsp,0.09,12 oz (~$3.50),365,tomato; tangy; cocktail-meatballs,20,0,5,0,0
tonic-water,Tonic water,condiment,oz,0.06,1L (~$2),365,drink,10,0,2.5,0,
katsu-sauce,Tonkatsu / katsu sauce,condiment,tbsp,0.22,17.6 oz bottle (~$5.50),540,umami; sweet; vegan,30,0.5,7,0,0
tonkatsu-sauce,Tonkatsu sauce,condiment,tbsp,0.15,16 oz bottle (~$4.50),365,,16,0,4,0,
toum,Toum,condiment,tbsp,0.45,8 oz tub,120,lebanese; garlic; emulsion; creamy; vegan,90,0.3,1,10,0.1
traditional-balsamic-vinegar,Traditional Balsamic Vinegar,condiment,tbsp,3.8,3.4 fl oz bottle,3650,vinegar; italian; dop; aged; finishing; specialty,24,0,6,0,
triple-sec,Triple sec,condiment,oz,0.5,750ml (~$13),1825,drink,80,0,9,0,
truffle-oil,Truffle oil,condiment,tsp,1.5,1.86 oz bottle (~$15.00),365,vegan; vegetarian; umami,40,0,0,4.5,
turkish-coffee-grind,Turkish Coffee Grind,condiment,tsp,0.18,8 oz (227 g) fine grind,270,coffee; fine-grind; caffeine,1,0.1,0,0,
tzatziki,Tzatziki sauce,condiment,tbsp,0.3,12 oz tub (~$5.00),21,vegetarian,18,0.8,1,1.3,0.1
ube-extract,Ube Extract,condiment,tsp,0.2,2 fl oz bottle,1095,flavoring; filipino; extract; purple-yam,2,0,0.4,0,
ube-halaya,Ube halaya (purple yam jam),condiment,cup,3,12 oz jar (~$5),365,vegetarian; dessert,520,4,90,14,4
ume-plum-vinegar,Ume Plum Vinegar,condiment,tbsp,0.38,10 fl oz bottle,730,vinegar; japanese; umeboshi; salty; tangy,2,0,0,0,
umeboshi,Umeboshi (pickled plum),condiment,each,0.75,10-pack (~$7.50),365,,5,0.2,1.2,0.1,0.4
vanilla-extract,Vanilla extract,condiment,tsp,0.25,2 oz (~$6),1825,drink,12,0,0.5,0,
frosting,Vanilla Frosting,condiment,oz,0.22,16 oz tub (~$3.50),300,baking; frosting; prepared,140,0,22,6,0
vegetable-oil,Vegetable oil,condiment,tbsp,0.05,48 oz (~$5),365,staple,120,0,0,14,
vegetarian-oyster-sauce,Vegetarian oyster sauce,condiment,tbsp,0.16,12.8 oz bottle (~$4.50),540,umami; vegan,25,0.5,6,0,0
verjus,Verjus,condiment,tbsp,0.3,25.4 fl oz bottle,365,unripe-grape; acidic; wine-friendly; french,8,0,2,0,
vincotto,Vincotto,condiment,tbsp,0.72,8.8 fl oz bottle,730,italian; grape-must; sweet; finishing,40,0,10,0,
vinegar,Vinegar,condiment,tbsp,0.08,16 oz (~$2.50),1095,staple,3,0,0,0,
vodka,Vodka,condiment,oz,0.75,750ml (~$18),730,,64,0,0,0,
vodka-sauce,Vodka sauce (jarred),condiment,1/2 cup,1.1,24 oz jar (~$5.25),540,,120,2,11,7,2
walnut-oil,Walnut Oil,condiment,tbsp,0.55,8.4 fl oz (~$11.00),365,oil; finishing; nutty,120,0,0,14,0
wasabi-paste,Wasabi paste,condiment,tsp,0.2,1.52 oz tube (~$4),365,spicy; vegan,8,0,1.5,0,0.5
water,Water,condiment,cup,0,tap water,1,,0,0,0,0,
whiskey,Whiskey,condiment,oz,0.9,750ml (~$24),1825,drink,70,0,0,0,
white-balsamic-vinegar,White Balsamic Vinegar,condiment,tbsp,0.38,16.9 fl oz bottle,1095,vinegar; italian; light; dressing,14,0,3,0,
white-miso,White Miso,condiment,tbsp,0.35,17.6 oz tub,540,japanese; fermented; shiro-miso; mild; umami,35,2,5,1,0.8
white-rum,White rum,condiment,oz,0.7,750ml (~$17),1825,drink,64,0,0,0,
white-wine,White wine (cooking),condiment,tbsp,0.32,750ml (~$8),30,,12,0,0.5,0,
white-wine-vinegar,White wine vinegar,condiment,tbsp,0.1,16.9 oz bottle (~$3.50),1095,vegan; vegetarian; acidic,3,0,0,0,
whole-grain-mustard,Whole Grain Mustard,condiment,tbsp,0.15,7 oz (~$4.50),365,mustard; grainy,10,1,1,0.5,0.5
worcestershire,Worcestershire sauce,condiment,tsp,0.07,10 oz (~$4),730,,5,0,1,0,
xo-sauce,XO sauce,condiment,tbsp,0.85,7.8 oz jar (~$12.00),365,umami,,,,,
yakisoba-sauce,Yakisoba Sauce,condiment,tbsp,0.32,12 oz bottle,540,japanese; savory; sweet; noodle-sauce,30,0.4,7,0,0.2
yellow-curry-paste,Yellow curry paste,condiment,tbsp,0.5,4 oz (~$4),365,,25,1,4,0.5,
yellow-mustard,Yellow mustard,condiment,tsp,0.03,14 oz (~$2.50),365,,3,0,0,0,
yerba-mate,Yerba Mate,condiment,tsp,0.06,1 lb (454 g) loose,730,tea; south-american; caffeine; herbal,3,0.3,0.6,0.05,0.4
yuzu-juice,Yuzu juice,condiment,tbsp,0.55,5 oz bottle (~$9),365,acidic; vegan,6,0,2,0,0
yuzu-kosho,Yuzu kosho,condiment,tsp,1.2,1.7 oz jar (~$9.50),365,vegan; vegetarian; acidic,5,0.1,0.8,0.1,0.2
yuzu-ponzu,Yuzu Ponzu,condiment,tbsp,0.4,12 oz bottle,540,japanese; citrus; yuzu; tangy; low-cal,8,0.5,1.5,0,
zhug,Zhug,condiment,tbsp,0.55,7 oz jar,150,yemeni; green-chili; herb; spicy; vegan,40,0.6,1.5,4,0.6
one-percent-milk,1% Low-Fat Milk,dairy,cup,0.27,1 gal (16 cups),14,milk; low-fat; breakfast; refrigerated,102,8,12,2.5,0
two-percent-milk,2% Reduced-Fat Milk,dairy,cup,0.28,1 gal (16 cups),14,milk; reduced-fat; breakfast; refrigerated,122,8,12,5,0
a2-milk,A2 Whole Milk,dairy,cup,0.56,0.5 gal (8 cups),18,milk; a2; whole; refrigerated,122,8,12,5,0
aerosol-whipped-cream,Aerosol Whipped Cream,dairy,tbsp,0.12,6.5 oz can (~50 tbsp),60,cream; whipped; aerosol; dessert; topping,15,0,1,1,0
queso-de-cabra,Aged Gouda,dairy,oz,0.94,7 oz wedge (~$6.60),120,cheese; aged; hard; nutty,110,8,1,8,0
akkawi,Akkawi,dairy,oz,0.9,16 oz block,30,cheese; levantine; brined; white,80,6,1,6,
almond-milk,Almond milk,dairy,cup,0.56,half gal (~$4.50),14,vegan; dairy-free,60,1,8,2.5,
amasi,Amasi,dairy,cup,1.2,32 fl oz carton,21,cultured-dairy; south-african; fermented; sour,100,7,11,3,
american-singles,American cheese singles,dairy,slice,0.25,24 slice pack (~$6.00),90,cheap; vegetarian,60,3,2,4.5,
anari,Anari,dairy,oz,1,8 oz tub,14,cheese; cypriot; whey; fresh; ricotta-like,50,5,2,2.5,
appenzeller,Appenzeller,dairy,oz,1.9,7 oz wedge,120,cheese; swiss; alpine; aged; washed-rind,115,8,0.5,9,
asadero,Asadero,dairy,oz,0.6,12 oz block,30,cheese; mexican; melting; pasta-filata,95,6,1,7.5,
asiago,Asiago,dairy,oz,0.69,8 oz wedge (~$5.50),90,cheese; hard; grating; nutty,110,7,0.9,8.5,0
australian-yogurt,Australian-Style Yogurt,dairy,cup,0.9,32 oz tub (4 cups),24,yogurt; australian; creamy; breakfast,180,8,18,9,0
ayran,Ayran,dairy,cup,0.9,33.8 fl oz bottle,21,cultured-dairy; turkish; yogurt-drink; savory; salted,60,4,5,3,
beaufort,Beaufort,dairy,oz,2.6,7 oz wedge,120,cheese; french; alpine; hard; aged,115,8,0.5,9,
blue-cheese,Blue cheese,dairy,1/4 cup,1.25,4 oz (~$5),30,,120,7,1,10,
boursin,Boursin,dairy,oz,1,5.2 oz round (~$5.20),30,cheese; spreadable; herb; soft,120,2,1,12,0
brie,Brie,dairy,8 oz,6.5,8 oz wheel (~$6.50),21,vegetarian,757,47,1,63,
browned-butter,Browned Butter (Beurre Noisette),dairy,tbsp,0.32,prepared from 1 stick (8 tbsp),30,butter; browned; nutty; baking; finishing,110,0.1,0,12.5,0
bryndza,Bryndza,dairy,oz,1.1,8 oz tub,45,cheese; slovak; sheep; brined; crumbly,80,5,1,6.5,
burrata,Burrata,dairy,oz,0.94,8 oz (2 balls) (~$7.50),10,cheese; fresh; creamy,80,4.5,1,7,0
butter,Butter,dairy,tbsp,0.19,1 lb / 4 sticks (~$6),60,,100,0,0,11,
buttermilk,Buttermilk,dairy,cup,0.35,1 quart (~$3.50),14,vegetarian; baking; acidic,,,,,
cabrales,Cabrales,dairy,oz,2.2,6 oz wedge,60,cheese; spanish; blue; aged,100,6,0.5,8.5,
caciocavallo,Caciocavallo,dairy,oz,1.1,8 oz piece,60,cheese; italian; aged; pasta-filata,100,7,1,7.5,
dulce-de-leche-spread,Cajeta (Goat Milk Caramel),dairy,tbsp,0.35,16 oz jar (~30 tbsp),180,dairy; caramel; goat-milk; dessert; spread,60,1,12,1,0
camembert,Camembert,dairy,oz,0.69,8 oz wheel (~$5.50),21,cheese; soft; bloomy-rind,85,5.6,0.1,6.9,0
cantal,Cantal,dairy,oz,1.5,7 oz wedge,90,cheese; french; semi-hard; aged,110,7,0.5,9,
cashew-milk,Cashew Milk,dairy,cup,0.45,0.5 gal (8 cups),10,plant-milk; cashew; vegan; dairy-free; unsweetened,25,1,1,2,0
century-eggs,Century eggs,dairy,egg,1.2,6-pack (~$7.20),120,vegetarian; gluten-free; high-protein; umami,75,6,1,5,0
chaas,Chaas,dairy,cup,0.85,32 fl oz bottle,14,cultured-dairy; indian; buttermilk; spiced; savory,40,3,4,1.5,
chevre,Chèvre Log,dairy,oz,0.75,4 oz log (~$3.00),21,cheese; goat; soft; spreadable,75,5,0.5,6,0
chhena,Chhena,dairy,oz,0.5,12 oz tub,7,cheese; indian; fresh; unaged; acid-set,75,5,2,5,
chocolate-milk,Chocolate Milk,dairy,cup,0.4,0.5 gal (8 cups),14,milk; chocolate; flavored; kids,190,8,30,5,1
clarified-butter,Clarified Butter,dairy,tbsp,0.4,9 oz jar (~18 tbsp),180,butter; clarified; high-smoke-point; cooking,112,0,0,12.7,0
clotted-cream,Clotted Cream,dairy,cup,4.5,6 oz jar (~0.75 cup),21,cream; british; high-fat; spread,1056,4,6,110,0
coconut-yogurt,Coconut Milk Yogurt,dairy,cup,1.6,24 oz tub (3 cups),28,yogurt; plant-based; coconut; vegan; dairy-free,180,1,16,13,2
colby,Colby,dairy,oz,0.34,8 oz block (~$2.75),60,cheese; mild; melting,110,6.7,0.7,9,0
colby-jack,Colby Jack,dairy,oz,0.34,8 oz block/shredded (~$2.75),60,cheese; mild; melting,110,6.9,0.5,9,0
comte,Comté,dairy,oz,1.25,6 oz wedge (~$7.50),90,cheese; alpine; hard; nutty,110,8,0.3,9,0
cotija,Cotija,dairy,oz,0.45,8 oz wedge (~$3.60),60,vegetarian,105,6,1,8,
cottage-cheese,Cottage cheese,dairy,1/2 cup,1.1,16 oz (~$4.50),14,high-protein,100,14,5,2.5,
cream-cheese,Cream cheese,dairy,tbsp,0.22,8 oz (~$3.50),30,,50,1,1,5,
custard-base,Crème Anglaise (Custard Base),dairy,cup,1.3,prepared (~2 cups),4,dairy; custard; dessert; sauce,300,7,28,18,0
creme-epaisse,Creme Epaisse,dairy,oz,0.85,8 oz tub,21,cultured-dairy; french; thick-cream; rich,100,1,1,10.5,
creme-fraiche,Crème Fraîche,dairy,cup,2.6,8 oz tub (~1 cup),21,cream; cultured; french; topping,880,5,7,92,0
cultured-butter,Cultured Butter,dairy,tbsp,0.5,8 oz (16 tbsp),120,butter; cultured; tangy; baking,108,0.1,0,12,0
sweet-cream-buttermilk,Cultured Low-Fat Buttermilk,dairy,cup,0.5,1 qt (4 cups),18,cultured; buttermilk; low-fat; baking,98,8,12,2,0
doogh,Doogh,dairy,cup,1,32 fl oz bottle,21,cultured-dairy; persian; yogurt-drink; savory; carbonated,60,4,5,2.5,
double-cream,Double Cream,dairy,cup,1.4,1 pt (2 cups),14,cream; british; high-fat; whipping,1078,4,6,117,0
drinkable-yogurt,Drinkable Yogurt,dairy,cup,0.9,32 fl oz (4 cups),21,yogurt; drinkable; probiotic; breakfast,150,8,24,3,0
duck-eggs,Duck eggs,dairy,egg,1.1,6-pack (~$6.60),35,vegetarian; gluten-free; high-protein,130,9,1,9.6,0
edam,Edam,dairy,oz,0.5,8 oz wheel (~$4.00),60,cheese; semi-hard; mild; dutch,100,7,0.4,7.9,0
egg-substitute,Egg substitute (liquid),dairy,cup,2.2,16 oz carton (~$4.40),75,vegetarian; gluten-free; dairy-free; low-fat; high-protein,120,24,2,0,0
egg-yolks,Egg yolks,dairy,egg,0.42,dozen large eggs (~$5),28,vegetarian; gluten-free; high-protein; keto,55,2.7,0.6,4.5,0
eggnog,Eggnog,dairy,cup,0.75,1 qt (4 cups),30,dairy; holiday; seasonal; sweet; drink,340,10,34,19,0
emmental,Emmental,dairy,oz,0.69,8 oz block (~$5.50),60,cheese; swiss-style; melting; nutty,110,8,0.5,8,0
epoisses,Epoisses,dairy,oz,2.5,8.8 oz round,21,cheese; french; washed-rind; soft; pungent,95,5,1,8,
european-butter,European-Style Butter,dairy,tbsp,0.45,8 oz (16 tbsp),120,butter; european; high-fat; baking,110,0.1,0,12,0
evaporated-milk,Evaporated milk,dairy,can,2.2,12 oz can (~$2.20),365,vegetarian; baking,450,24,34,24,
farmer-cheese,Farmer Cheese,dairy,oz,0.45,16 oz block,14,cheese; fresh; cultured; dry-curd,40,7,1,1,
feta,Feta cheese,dairy,1/4 cup,0.75,6 oz (~$4.50),30,,100,5,1,8,
filmjolk,Filmjolk,dairy,cup,1.4,32 fl oz carton,21,cultured-dairy; swedish; fermented; drinkable,120,8,12,4.5,
flax-milk,Flax Milk,dairy,cup,0.5,0.5 gal (8 cups),10,plant-milk; flax; vegan; dairy-free; omega-3; nut-free,25,0,1,2.5,0
fontina,Fontina,dairy,oz,0.81,8 oz wedge (~$6.50),50,cheese; semi-soft; melting; nutty,110,7.3,0.4,8.8,0
french-yogurt,French-Style Yogurt,dairy,cup,1.1,4 oz pot (~0.5 cup),24,yogurt; french; pot-set; dessert,150,7,16,7,0
fresh-mozzarella,Fresh Mozzarella,dairy,oz,0.44,8 oz ball in brine (~$3.50),14,cheese; fresh; caprese,70,5,0.7,5,0
fromage-blanc,Fromage Blanc,dairy,cup,2.2,8 oz tub (~1 cup),18,cultured; fresh; french; spread,120,14,6,4,0
fruit-yogurt,Fruit-on-the-Bottom Yogurt,dairy,cup,0.65,6 oz cup (~0.75 cup),21,yogurt; fruit; flavored; snack,170,7,30,2,0
queso-de-freir,Frying Cheese,dairy,oz,0.5,12 oz block (~$6.00),21,cheese; frying; firm; latin,90,6,1,7,0
goat-cheese,Goat cheese,dairy,4 oz log,4.5,4 oz log (~$4.50),21,vegetarian,408,24,0,35,
gorgonzola,Gorgonzola,dairy,oz,0.75,8 oz wedge (~$6.00),30,cheese; blue; creamy,100,6,0.5,8.5,0
gouda,Gouda,dairy,oz,0.7,7 oz wedge (~$4.90),30,vegetarian,101,7,1,8,
grana-padano,Grana Padano,dairy,oz,1.3,8 oz wedge,120,cheese; italian; hard; aged; grating,110,9,0,8,
grated-parmesan,Grated Parmesan,dairy,tbsp,0.18,8 oz shaker (~$5.50),180,cheese; grated; topping; shelf-stable,22,2,0.2,1.4,0
graviera,Graviera,dairy,oz,1.3,8 oz wedge,120,cheese; greek; hard; aged,110,8,0.5,8.5,
greek-yogurt,Greek yogurt,dairy,cup,1.38,32 oz tub (~$5.50),14,high-protein,130,22,9,0,
halloumi-grilling,Grilling Halloumi,dairy,oz,1.4,8.8 oz block,120,cheese; cypriot; grilling; brined; high-melt,90,6,1,7,
gruyere,Gruyere,dairy,1/4 cup,1,8 oz (~$8),21,,118,8.6,0.4,9.2,0
half-and-half,Half and half,dairy,1/4 cup,0.3,1 quart (~$4.80),14,vegetarian,79,2,3,7,
halloumi,Halloumi,dairy,8 oz,7,8 oz block (~$7.00),30,vegetarian; high-protein,736,44,5,60,
hard-boiled-eggs,Hard-boiled eggs (peeled),dairy,egg,0.7,6-pack peeled (~$4.20),14,vegetarian; gluten-free; high-protein; keto,78,6.3,0.6,5.3,0
havarti,Havarti,dairy,oz,0.56,8 oz block (~$4.50),45,cheese; semi-soft; creamy; melting,105,6.1,0.3,9,0
heavy-cream,Heavy cream,dairy,cup,0.55,16 oz carton (~$4.40),21,vegetarian; baking,800,5,7,86,
hemp-milk,Hemp Milk,dairy,cup,0.7,32 fl oz (4 cups),10,plant-milk; hemp; vegan; dairy-free; omega-3,60,3,1,5,0
idiazabal,Idiazabal,dairy,oz,1.8,7 oz wedge,120,cheese; spanish; sheep; smoked; aged,110,7,0.5,9,
jarlsberg,Jarlsberg,dairy,oz,0.69,8 oz block (~$5.50),60,cheese; swiss-style; mild; nutty,100,7,1,7,0
kashkaval,Kashkaval,dairy,oz,0.95,8 oz block,90,cheese; balkan; semi-hard; yellow,105,7,1,8,
kasseri,Kasseri,dairy,oz,1,8 oz piece,90,cheese; greek; sheep; pasta-filata; grilling,105,7,1,8,
kefalograviera,Kefalograviera,dairy,oz,1.4,8 oz wedge,120,cheese; greek; hard; grilling; saganaki,115,8,0.5,9,
kefalotyri,Kefalotyri,dairy,oz,1.2,8 oz wedge,120,cheese; greek; hard; sheep; grating,115,8,0.5,9,
labneh-cheese,Labneh Cheese,dairy,oz,0.65,16 oz tub,21,cheese; levantine; cultured; strained; spreadable,60,4,2,4,
lactose-free-milk,Lactose-Free Milk,dairy,cup,0.44,0.5 gal (8 cups),21,milk; lactose-free; whole; refrigerated,122,8,12,5,0
light-cream,Light Cream,dairy,cup,1.1,1 pt (2 cups),14,cream; coffee; refrigerated,468,6,9,46,0
limburger,Limburger,dairy,oz,0.75,8 oz block (~$6.00),40,cheese; soft; washed-rind; strong,95,6,0.5,7.7,0
liquid-egg-whites,Liquid egg whites,dairy,1/4 cup,0.5,16 oz carton (~$4.00),60,high-protein; vegetarian; gluten-free,30,6,0,0,
liquid-whole-eggs,Liquid whole eggs,dairy,cup,1.6,32 oz carton (~$6.40),60,vegetarian; gluten-free; high-protein,180,16,2,12,0
low-moisture-mozzarella,Low-Moisture Mozzarella,dairy,oz,0.31,16 oz block/shredded (~$5.00),45,cheese; melting; pizza,85,6.3,0.6,6.3,0
macadamia-milk,Macadamia Milk,dairy,cup,0.75,32 fl oz (4 cups),10,plant-milk; macadamia; vegan; dairy-free; unsweetened,50,1,1,5,0
lassi,Mango Lassi (Yogurt Drink),dairy,cup,1.2,7 fl oz bottle (~0.9 cup),21,yogurt; drink; indian; mango; sweet,160,5,29,3,0
manufacturing-cream,Manufacturing Cream (40% Heavy),dairy,cup,1,1 qt (4 cups),21,cream; high-fat; whipping; pastry,810,5,7,86,0
margarine,Margarine,dairy,tbsp,0.09,1 lb tub (~$2.80),120,staple; vegan,100,0,0,11,
mascarpone,Mascarpone,dairy,8 oz,6.5,8 oz tub (~$6.50),21,vegetarian,980,12,10,100,
milk,Milk,dairy,cup,0.28,gallon (~$4.50),14,,150,8,12,8,
mimolette,Mimolette,dairy,oz,1.8,7 oz wedge,120,cheese; french; hard; aged; orange,110,7,1,9,
mizithra,Mizithra,dairy,oz,1.1,8 oz piece,30,cheese; greek; whey; grating,95,7,2,6.5,
morbier,Morbier,dairy,oz,1.6,7 oz wedge,45,cheese; french; semi-soft; ash-line,100,6,0.5,8,
mozzarella,Mozzarella,dairy,1/4 cup,0.38,16 oz (~$6),14,,85,6,1,6,
muenster,Muenster,dairy,oz,0.44,8 oz deli sliced (~$3.50),40,cheese; mild; melting; deli,100,6.6,0.3,8.1,0
nabulsi,Nabulsi,dairy,oz,1,16 oz block,45,cheese; palestinian; brined; grilling,80,6,1,6,
neufchatel,Neufchâtel,dairy,oz,0.31,8 oz block (~$2.50),30,cheese; spreadable; light; soft,70,3,1,6,0
dry-milk-powder,Nonfat Dry Milk Powder,dairy,tbsp,0.2,22 oz (~$12.00),545,baking; milk; powder; shelf-stable,27,2.7,4,0,0
oat-milk,Oat milk,dairy,cup,0.6,half gal (~$5),14,vegan; dairy-free,120,3,16,5,
oaxaca,Oaxaca,dairy,oz,0.5,12 oz ball (~$6.00),30,cheese; melting; mexican; quesadilla,85,6.3,0.6,6.5,0
paneer,Paneer,dairy,12 oz block,6,12 oz block (~$6.00),30,vegetarian; high-protein,1054,61,14,85,
parmesan,Parmesan,dairy,tbsp,0.3,8 oz (~$7),60,,22,2,0,1.5,
pea-milk,Pea Protein Milk,dairy,cup,0.55,0.5 gal (8 cups),10,plant-milk; pea-protein; vegan; dairy-free; high-protein,70,8,0,4.5,0
pecorino,Pecorino,dairy,oz,1.06,8 oz wedge (~$8.50),120,cheese; hard; grating; sheep,110,7,1,8.5,0
pecorino-romano,Pecorino Romano,dairy,1/4 cup,0.56,5 oz (~$5),30,,110,9,1,8,
pepper-jack,Pepper jack,dairy,slice,0.5,8 oz sliced (~$5.00),30,vegetarian,,,,,
piima,Piima,dairy,cup,1.5,32 fl oz carton,21,cultured-dairy; scandinavian; fermented; drinkable,110,8,12,2.5,
pizza-cheese-blend,Pizza Cheese Blend,dairy,oz,0.38,8 oz bag (~$3.00),45,cheese; shredded; melting; pizza,90,6.5,1,7,0
kefir,Plain Kefir,dairy,cup,0.85,32 fl oz (4 cups),21,cultured; probiotic; drinkable; refrigerated,110,11,12,2,0
plain-yogurt,Plain whole-milk yogurt,dairy,cup,0.65,32 oz tub (~$5.20),21,vegetarian,149,9,11,8,
plant-butter,Plant-based butter,dairy,tbsp,0.16,16 oz tub (~$5.20),60,vegan; vegetarian; dairy-free; baking,,,,,
pot-cheese,Pot Cheese,dairy,oz,0.4,16 oz tub,10,cheese; fresh; curd; low-fat,30,5,1.5,0.5,
processed-cheese-loaf,Processed cheese loaf (Velveeta-style),dairy,oz,0.45,32 oz loaf (~$8),180,staple,80,4,3,6,
provolone,Provolone,dairy,slice,0.45,8 oz sliced (~$4.50),21,vegetarian,70,5,1,5,
provolone-piccante,Provolone Piccante,dairy,oz,1,8 oz wedge,90,cheese; italian; aged; sharp,100,7,0.5,7.5,
quail-eggs,Quail eggs,dairy,egg,0.45,18-pack (~$8),35,vegetarian; gluten-free; high-protein,14,1.2,0.04,1,0
halloumi-light,Quark Cheese Spread,dairy,oz,0.4,8 oz tub (~$3.20),21,cheese; fresh; spreadable; high-protein,35,4,2,1,0
queso-oaxaca-shredded,Quesadilla Cheese,dairy,oz,0.44,10 oz bag (~$4.40),40,cheese; melting; mexican; shredded,90,6,1,7,0
queso-blanco,Queso Blanco,dairy,oz,0.38,12 oz block (~$4.50),21,cheese; mexican; frying; mild,90,6,1,7,0
queso-chihuahua,Queso Chihuahua,dairy,oz,0.65,12 oz block,45,cheese; mexican; melting; semi-soft,100,6,1,8,
queso-dip,Queso Dip,dairy,oz,0.31,15 oz jar (~$4.65),21,cheese; dip; processed; snack,80,2,3,6,0
queso-fresco,Queso fresco,dairy,oz,0.4,10 oz round (~$4.00),21,vegetarian,92,6,1,7,
queso-panela,Queso Panela,dairy,oz,0.42,12 oz round (~$5.00),18,cheese; mexican; fresh; mild,80,6,1.5,5.5,0
raclette,Raclette,dairy,oz,0.94,8 oz wedge (~$7.50),45,cheese; melting; alpine,105,6.8,0.5,8.5,0
raw-milk,Raw Whole Milk,dairy,cup,1,1 qt (4 cups),7,milk; raw; unpasteurized; whole,150,8,12,8,0
reblochon,Reblochon,dairy,oz,2,8 oz round,21,cheese; french; washed-rind; soft,95,6,0.5,8,
requeson,Requeson,dairy,oz,0.4,15 oz tub,10,cheese; mexican; fresh; whey; ricotta-like,45,4,1.5,3,
rice-milk,Rice Milk,dairy,cup,0.4,0.5 gal (8 cups),10,plant-milk; rice; vegan; dairy-free; nut-free,113,0.7,22,2.3,0
ricotta,Ricotta cheese,dairy,1/2 cup,0.95,15 oz tub (~$4.75),14,vegetarian,180,11,4,13,
ricotta-salata,Ricotta Salata,dairy,oz,0.75,8 oz wedge (~$6.00),45,cheese; firm; salted; grating; sheep,90,7,1,6.5,0
robiola,Robiola,dairy,oz,1.6,7 oz round,21,cheese; italian; soft-ripened,90,5,1,7.5,
romano,Romano,dairy,oz,0.81,8 oz wedge (~$6.50),120,cheese; hard; grating,110,9,1,7.6,0
roncal,Roncal,dairy,oz,1.9,7 oz wedge,120,cheese; spanish; sheep; aged,110,7,0.5,9,
roquefort,Roquefort,dairy,oz,1.5,5 oz wedge (~$7.50),40,cheese; blue; sheep; strong,105,6,0.6,8.7,0
salted-butter,Salted Butter,dairy,tbsp,0.27,"1 lb (4 sticks, 32 tbsp)",120,butter; salted; baking; spread,102,0.1,0,11.5,0
salted-duck-eggs,Salted duck eggs,dairy,egg,1.3,6-pack (~$7.80),120,vegetarian; gluten-free; high-protein; umami,130,9,1,10,0
lassi-salted,Salted Lassi,dairy,cup,1,32 fl oz bottle,14,cultured-dairy; indian; yogurt-drink; savory; salted,80,5,7,4,
sbrinz,Sbrinz,dairy,oz,2.2,7 oz wedge,180,cheese; swiss; extra-hard; grating; aged,120,9,0,9,
scamorza,Scamorza,dairy,oz,0.85,8 oz ball,21,cheese; italian; smoked; pasta-filata,90,7,1,6.5,
sharp-cheddar,Sharp Cheddar,dairy,oz,0.38,8 oz block (~$3.00),90,cheese; aged; melting,115,7,0.4,9.5,0
cheddar-block,Sharp cheddar block,dairy,oz,0.55,8 oz block (~$4.40),30,staple; vegetarian,114,7,1,9,
shredded-cheddar,Shredded Cheddar,dairy,oz,0.38,8 oz bag (~$3.00),45,cheese; shredded; melting; convenience,110,6.5,0.9,9,0
cheese,Shredded cheese,dairy,1/4 cup,0.44,8 oz bag (~$3.50),21,,110,7,1,9,
shredded-mexican-blend,Shredded Mexican Blend,dairy,oz,0.38,8 oz bag (~$3.00),45,cheese; shredded; melting; tacos,110,6.5,1,9,0
shredded-parmesan,Shredded Parmesan,dairy,oz,0.69,6 oz tub (~$4.15),60,cheese; shredded; grating; topping,110,10,1,7,0
skim-milk,Skim (Nonfat) Milk,dairy,cup,0.27,1 gal (16 cups),14,milk; nonfat; fat-free; refrigerated,83,8,12,0.2,0
skyr,Skyr / Icelandic yogurt,dairy,cup,1.25,17.6 oz (~$5),21,,,,,,
smetana,Smetana,dairy,oz,0.55,16 oz tub,21,cultured-dairy; eastern-european; sour-cream; rich,55,1,1.5,5,
smoked-gouda,Smoked Gouda,dairy,oz,0.63,8 oz wedge (~$5.00),60,cheese; smoked; semi-hard; melting,100,7,0.6,8,0
sour-cream,Sour cream,dairy,tbsp,0.11,16 oz (~$3.50),21,,30,0.5,0.5,3,
soy-milk,Soy milk (unsweetened),dairy,cup,0.45,64 oz carton (~$3.60),14,vegan; vegetarian; dairy-free,,,,,
soy-yogurt,Soy Yogurt,dairy,cup,1.3,24 oz tub (3 cups),28,yogurt; plant-based; soy; vegan; dairy-free,150,8,20,4,1
stilton,Stilton,dairy,oz,1.06,6 oz wedge (~$6.40),40,cheese; blue; british; strong,110,6,0.1,9.4,0
stracchino,Stracchino,dairy,oz,1.1,8 oz tub,14,cheese; italian; soft; spreadable,85,5,1,7,
stracciatella,Stracciatella,dairy,oz,1.5,8 oz tub,7,cheese; italian; fresh; creamy,85,5,1.5,6.5,
flavored-cream-cheese,Strawberry Cream Cheese Spread,dairy,tbsp,0.18,8 oz tub (~16 tbsp),30,cream-cheese; spread; flavored; breakfast; bagel,50,1,2,4.5,0
string-cheese,String Cheese,dairy,piece,0.42,12-pack sticks (~$5.00),60,cheese; snack; mozzarella; kids,80,6,1,6,0
sulguni,Sulguni,dairy,oz,1,8 oz round,21,cheese; georgian; brined; pasta-filata,85,7,1,6,
lassi-sweet,Sweet Lassi,dairy,cup,1.1,32 fl oz bottle,14,cultured-dairy; indian; yogurt-drink; sweet,150,5,24,4,
sweetened-condensed-milk,Sweetened condensed milk,dairy,can,3.5,14 oz can (~$3.50),365,vegetarian; baking,1300,32,220,35,
swiss-cheese,Swiss cheese,dairy,slice,0.4,8 oz sliced (~$4.80),21,vegetarian,,,,,
taleggio,Taleggio,dairy,oz,1.25,8 oz wedge,30,cheese; italian; washed-rind; soft,94,6,0.5,7.5,
tete-de-moine,Tete De Moine,dairy,oz,2.4,8 oz cylinder,90,cheese; swiss; semi-hard; aged,115,8,0.5,9,
tomme-de-savoie,Tomme De Savoie,dairy,oz,1.7,7 oz wedge,90,cheese; french; semi-firm; natural-rind,95,7,0.5,7,
tvorog,Tvorog,dairy,oz,0.5,16 oz tub,14,cheese; eastern-european; fresh; cultured; quark-like,45,5,1.5,2,
unsalted-butter,Unsalted Butter,dairy,tbsp,0.28,"1 lb (4 sticks, 32 tbsp)",120,butter; unsalted; baking,102,0.1,0,11.5,0
valdeon,Valdeon,dairy,oz,2.1,6 oz wedge,60,cheese; spanish; blue; wrapped,100,6,0.5,8.5,
vanilla-yogurt,Vanilla Yogurt,dairy,cup,0.55,32 oz tub (4 cups),21,yogurt; vanilla; flavored; breakfast,190,9,31,3,0
vegan-parm,Vegan parmesan,dairy,tbsp,0.45,4 oz shaker (~$5.40),180,vegan; vegetarian; dairy-free; umami,,,,,
viili,Viili,dairy,cup,1.5,24 fl oz tub,21,cultured-dairy; finnish; fermented; mesophilic,120,8,12,4.5,
whipped-butter,Whipped Butter,dairy,tbsp,0.3,8 oz tub (~24 tbsp),90,butter; whipped; spread; soft,70,0.1,0,7,0
whipped-cream,Whipped cream (aerosol),dairy,tbsp,0.1,6.5 oz can (~$3.50),60,,15,0,1,1,
whipped-cream-cheese,Whipped Cream Cheese,dairy,tbsp,0.16,8 oz tub (~20 tbsp),30,cream-cheese; whipped; spread; bagel,35,1,1,3.5,0
white-cheddar,White Cheddar,dairy,oz,0.44,8 oz block (~$3.50),90,cheese; aged; melting,110,7,0.4,9,0
whole-milk,Whole milk,dairy,cup,0.25,1 gallon jug (~$4.00),14,staple; cheap; vegetarian,150,8,12,8,
yakult,Yakult (probiotic drink),dairy,bottle,0.55,5-pack (~$2.75),40,,50,1,12,0,
banana-leaves,Banana leaves (frozen),frozen,oz,0.25,1 lb pack (~$4),180,vegan,0,0,0,0,0
edamame,Edamame,frozen,cup,1.2,12 oz bag (~$3),180,vegan; high-protein,190,17,14,8,8
acai-pack,Frozen acai packet,frozen,packet,2.5,3.5 oz (~$2.50),365,,70,2,6,5,3
frozen-arancini,Frozen Arancini,frozen,piece,1,10 oz box (about 8 ct),270,prepared; italian; vegetarian; appetizer,80,2.5,11,3,0.5
frozen-artichoke-hearts,Frozen Artichoke Hearts,frozen,cup,1.6,12 oz bag,365,vegetable; vegan; mediterranean,60,4,13,0.2,7
frozen-bao-buns,Frozen Bao Buns,frozen,piece,0.9,6 ct pack,270,prepared; asian; chinese; steamed,170,5,28,4,1
frozen-burger-patty,Frozen beef burger patty,frozen,piece,1.75,8 ct box (~$14.00),180,high-protein,,,,,
frozen-beef-meatballs,Frozen Beef Meatballs,frozen,oz,0.4,32 oz bag,270,protein; beef; prepared,80,4,2,6,0.2
frozen-berries,Frozen berries,frozen,cup,1.6,12 oz bag (~$4),180,,70,1,17,0,4
frozen-biscuit-dough,Frozen Biscuit Dough,frozen,piece,0.4,20 ct bag,365,dough; bakery; vegetarian; southern,170,3,22,8,0.5
frozen-blueberries,Frozen Blueberries,frozen,cup,0.95,12 oz bag (~$4.00),365,fruit; smoothie; antioxidant,80,1,19,0,4
frozen-bread-dough,Frozen Bread Dough,frozen,piece,1.1,3 loaf pack,365,dough; bakery; vegetarian,110,4,21,1.5,1
frozen-fish-fillets,Frozen Breaded Fish Fillets,frozen,piece,0.95,10-count box (~$9.50),300,seafood; breaded; convenience,170,9,13,9,1
frozen-breakfast-sandwich,Frozen breakfast sandwich,frozen,piece,2.25,4 ct box (~$9.00),180,high-protein,300,13,27,15,2
frozen-broccoli,Frozen broccoli,frozen,cup,0.62,12 oz (~$2.50),180,,30,2.5,6,0,2.5
frozen-brussels-sprouts,Frozen Brussels Sprouts,frozen,cup,0.75,12 oz bag (~$3.00),300,vegetable; roast,40,3,8,0,3
frozen-burrito,Frozen burrito,frozen,piece,1.75,5 ct box (~$8.75),180,,,,,,
frozen-butternut-squash,Frozen Butternut Squash,frozen,cup,0.95,12 oz bag,365,vegetable; vegan; diced,60,1.5,16,0.1,3
frozen-calamari-rings,Frozen Calamari Rings,frozen,oz,0.7,16 oz bag,270,protein; seafood; breaded,50,3,5,2,0.2
frozen-cauliflower-rice,Frozen cauliflower rice,frozen,cup,0.85,12 oz bag (~$2.50),270,vegan; vegetarian; gluten-free,25,2,5,0,2
frozen-cherries,Frozen cherries,frozen,cup,1.25,12 oz bag (~$4.49),180,vegan; vegetarian; gluten-free; dairy-free,90,1,22,0,3
frozen-chicken-meatballs,Frozen Chicken Meatballs,frozen,oz,0.45,20 oz bag,270,protein; chicken; prepared; lean,50,6,1,2.5,
frozen-chicken-nuggets,Frozen chicken nuggets,frozen,piece,0.3,32 oz bag (~$10.00),270,high-protein,50,3,3,3,
frozen-chicken-tenders,Frozen chicken tenders,frozen,piece,0.85,24 oz bag (~$10.00),270,high-protein,,,,,
frozen-wings,Frozen chicken wings,frozen,piece,0.65,4 lb bag (~$15.00),270,high-protein,,,,,
frozen-chopped-spinach,Frozen Chopped Spinach,frozen,cup,0.55,16 oz bag,365,vegetable; leafy-green; vegan,40,5,6,0.5,4
frozen-cod-fillet,Frozen Cod Fillet,frozen,serving,3.5,"1 lb bag (~$10.50, ~3 servings)",365,fish; white-fish; frozen; lean; high-protein; budget,82,18,0,0.7,0
frozen-cod-fillets,Frozen Cod Fillets,frozen,serving,2.5,"1 lb bag, ~4 fillets (~$10.00)",300,seafood; lean-protein,90,20,0,1,0
frozen-collard-greens,Frozen Collard Greens,frozen,cup,0.6,16 oz bag,365,vegetable; leafy-green; vegan; southern,30,2.5,5,0.3,3
frozen-cookie-dough,Frozen Cookie Dough,frozen,piece,0.5,24 ct tray,365,dough; bakery; dessert; vegetarian,120,1,17,6,0.5
frozen-corn,Frozen corn,frozen,cup,0.6,16 oz bag (~$2.40),180,,130,4,30,1,3
frozen-corn-kernels,Frozen corn kernels,frozen,cup,0.6,16 oz (~$2.40),180,,130,4,30,1,3
frozen-crab-cakes,Frozen Crab Cakes,frozen,piece,2.5,6 ct box,270,protein; seafood; prepared,130,9,9,6,0.5
frozen-croissant-dough,Frozen Croissant Dough,frozen,piece,1,12 ct pack,270,dough; bakery; vegetarian; laminated,230,4,23,13,1
frozen-croquettes,Frozen Croquettes,frozen,piece,0.7,10 ct box,270,prepared; appetizer; breaded,90,3,10,4,0.5
frozen-okra,Frozen Cut Okra,frozen,cup,0.6,16 oz bag (~$2.80),300,vegetable; southern; gumbo,35,2,7,0,3
frozen-dragonfruit,Frozen Dragonfruit,frozen,cup,2.2,16 oz bag,365,fruit; vegan; tropical; smoothie,60,1.2,13,0,3
frozen-dumplings,Frozen dumplings (potstickers),frozen,piece,0.3,36 oz bag (~$11.00),270,,45,2,5,1.5,
frozen-durian,Frozen Durian,frozen,cup,4.5,14 oz bag,365,fruit; vegan; southeast-asian; tropical,180,2,33,5,4
frozen-edamame,Frozen Edamame (In Pods),frozen,cup,0.65,12 oz bag (~$3.00),365,protein; soy; snack,120,11,10,5,5
frozen-egg-rolls,Frozen Egg Rolls,frozen,piece,0.85,6-count box (~$5.00),300,asian; appetizer; fried,190,6,24,8,2
frozen-empanadas,Frozen Empanadas,frozen,piece,1.2,10 ct box,270,prepared; latin; appetizer,190,6,22,9,1
frozen-falafel,Frozen Falafel,frozen,piece,0.35,16 oz bag (about 18 ct),365,prepared; middle-eastern; vegan; appetizer,60,2.5,6,3,1.5
frozen-fava-beans,Frozen Fava Beans,frozen,cup,0.95,16 oz bag,365,vegetable; legume; vegan; mediterranean,110,8,20,0.5,7
frozen-fish-balls,Frozen Fish Balls,frozen,oz,0.5,17.6 oz bag,270,protein; seafood; asian; hot-pot,40,4,4,0.8,
frozen-fish-sticks,Frozen fish sticks,frozen,piece,0.4,24 oz box (~$9.50),270,high-protein,60,3,5,3,
frozen-fries,Frozen french fries,frozen,serving,0.35,32 oz bag (~$4.50),270,cheap; vegan; vegetarian,150,2,21,6,2
frozen-garlic-bread,Frozen Garlic Bread,frozen,piece,0.55,"2-loaf box, ~10 slices (~$4.00)",270,side; bread; convenience,170,4,20,8,1
frozen-gnocchi,Frozen Gnocchi,frozen,cup,1.3,16 oz bag,365,prepared; italian; vegetarian; pasta,250,5,53,1.5,2
frozen-green-beans,Frozen green beans,frozen,cup,0.55,16 oz bag (~$2.75),270,cheap; vegan; vegetarian,35,2,8,0,4
frozen-guava-pulp,Frozen Guava Pulp,frozen,cup,2.6,14 oz pack,365,fruit; vegan; tropical; latin; smoothie,110,1.5,27,0.5,5
frozen-hash-brown-patties,Frozen Hash Brown Patties,frozen,piece,0.4,8-patty box (~$3.50),300,breakfast; potato,150,1,15,9,1
hash-browns,Frozen hash browns,frozen,serving,0.65,30 oz bag (~$4.00),180,cheap; vegan; gluten-free,120,2,16,6,2
frozen-shrimp-jumbo,Frozen Jumbo Shrimp,frozen,oz,1.1,16 oz bag (16/20 ct),365,protein; seafood; shellfish,28,6,0.2,0.3,
frozen-kibbeh,Frozen Kibbeh,frozen,piece,0.85,12 ct box,270,prepared; middle-eastern; appetizer,120,5,11,6,1
frozen-lima-beans,Frozen Lima Beans,frozen,cup,0.85,16 oz bag,365,vegetable; legume; vegan,130,7,24,0.4,6
frozen-mango,Frozen mango,frozen,cup,1.35,16 oz (~$4),180,,100,1,25,0,2.6
frozen-meatballs,Frozen meatballs,frozen,piece,0.35,26 oz bag (~$9.00),270,high-protein,45,2.5,1.5,3,
frozen-veg,Frozen mixed vegetables,frozen,cup,0.62,16 oz bag (~$2.50),180,cheap; staple,60,3,12,0,3
frozen-mochi-ice-cream,Frozen Mochi Ice Cream,frozen,piece,1,6 ct box,365,prepared; dessert; japanese; vegetarian,110,1.5,20,3,0.5
frozen-naan,Frozen Naan,frozen,piece,1.1,4 ct pack,270,prepared; indian; flatbread; vegetarian,260,8,48,4,2
frozen-onion-rings,Frozen Onion Rings,frozen,cup,0.6,16 oz bag (~$3.50),300,side; fried; convenience,230,3,29,12,2
frozen-pancakes,Frozen Pancakes,frozen,piece,0.3,12-count box (~$3.50),270,breakfast; convenience,80,2,15,1,1
frozen-paratha,Frozen Paratha,frozen,piece,0.55,5 ct pack,270,prepared; indian; flatbread; vegetarian,200,4,27,8,1.5
frozen-passionfruit-pulp,Frozen Passionfruit Pulp,frozen,cup,3.2,14 oz pack,365,fruit; vegan; tropical; latin; smoothie,100,2,24,0.5,10
frozen-peaches,Frozen peaches,frozen,cup,0.8,16 oz bag (~$3.99),180,vegan; vegetarian; gluten-free; dairy-free,60,1,15,0,2
frozen-pearl-onions,Frozen Pearl Onions,frozen,cup,0.85,14.4 oz bag (~$3.20),300,vegetable; stew; braise,45,1,11,0,2
frozen-peas,Frozen peas,frozen,cup,0.62,16 oz (~$2.50),180,,70,5,13,0,4
frozen-pie-crust,Frozen Pie Crust,frozen,piece,1.75,"2-crust pack, 9 in (~$3.50)",270,baking; dessert; convenience,880,10,80,56,2
frozen-pierogi,Frozen Pierogi,frozen,piece,0.4,16 oz box (about 12 ct),365,prepared; polish; dumpling; vegetarian,60,2,11,1,0.5
frozen-pineapple,Frozen pineapple,frozen,cup,0.75,16 oz bag (~$3.49),180,vegan; vegetarian; gluten-free; dairy-free,80,1,21,0,2
frozen-pizza,Frozen pizza,frozen,pizza,5.5,12 inch pizza (~$5.50),180,vegetarian,,,,,
frozen-plant-based-patty,Frozen Plant-Based Patty,frozen,piece,1.6,4 ct box,365,protein; vegan; plant-based; prepared,240,19,9,14,2
frozen-plantain,Frozen Plantain,frozen,cup,1.1,14 oz bag,365,fruit; vegan; caribbean; latin,180,1.5,47,0.4,3
frozen-shrimp-popcorn,Frozen popcorn shrimp,frozen,serving,1.1,16 oz bag (~$8.50),270,high-protein,230,10,22,11,1
frozen-pork-meatballs,Frozen Pork Meatballs,frozen,oz,0.45,24 oz bag,270,protein; pork; prepared,85,4,2,7,0.2
frozen-potstickers,Frozen Potstickers,frozen,piece,0.45,24 oz bag (~$8.00),365,asian; dumpling; convenience,45,2,6,1,0
frozen-raspberries,Frozen Raspberries,frozen,cup,1.4,12 oz bag (~$5.00),365,fruit; smoothie; antioxidant,65,2,15,1,8
frozen-riced-broccoli,Frozen Riced Broccoli,frozen,cup,0.9,12 oz bag,365,vegetable; vegan; low-carb; keto,30,2.5,6,0.3,2.5
frozen-riced-cauliflower,Frozen Riced Cauliflower,frozen,cup,0.85,12 oz bag,365,vegetable; vegan; low-carb; keto,25,2,5,0.3,2
frozen-salmon-fillet,Frozen Salmon Fillet,frozen,serving,4.5,"1 lb bag (~$13.50, ~3 servings)",365,fish; oily-fish; frozen; omega-3; high-protein,178,20,0,11,0
frozen-salmon-fillets,Frozen Salmon Fillets,frozen,serving,3.75,"1 lb bag, ~4 fillets (~$15.00)",300,seafood; omega-3; protein,175,19,0,11,0
frozen-samosas,Frozen Samosas,frozen,piece,0.75,12 ct box,270,prepared; indian; vegetarian; snack,150,3,19,7,2
frozen-sausage-patty,Frozen sausage patties,frozen,piece,0.55,12 ct box (~$6.50),180,high-protein,100,5,1,9,
frozen-scallops,Frozen Scallops,frozen,oz,1.4,16 oz bag,365,protein; seafood; shellfish,30,6,1,0.2,
frozen-shrimp,Frozen Shrimp,frozen,serving,3,"1 lb bag peeled & deveined (~$9.00, ~3 servings)",365,seafood; shellfish; frozen; lean; high-protein,99,19,0.2,1.4,0
frozen-soursop-pulp,Frozen Soursop Pulp,frozen,cup,3.5,14 oz pack,365,fruit; vegan; tropical; latin; smoothie,90,1.5,23,0.3,4.5
frozen-spinach,Frozen spinach,frozen,cup,0.85,10 oz brick (~$2.50),180,,30,4,4,0,3
frozen-spring-rolls,Frozen spring rolls,frozen,piece,0.75,12 ct box (~$9.00),270,vegetarian,80,2,12,3,1
frozen-stir-fry-mix,Frozen stir-fry vegetable mix,frozen,cup,0.6,16 oz bag (~$3.00),270,cheap; vegan; vegetarian,30,2,6,0,2
frozen-strawberries,Frozen Strawberries,frozen,cup,0.7,16 oz bag (~$3.50),365,fruit; smoothie; dessert,50,1,12,0,3
frozen-taiyaki,Frozen Taiyaki,frozen,piece,1.3,4 ct pack,365,prepared; dessert; japanese; vegetarian,180,3,34,4,1
frozen-tamales,Frozen Tamales,frozen,piece,1.5,6 ct pack,270,prepared; latin; mexican,200,6,24,9,3
frozen-tater-tots,Frozen tater tots,frozen,serving,0.4,32 oz bag (~$5.00),270,cheap; vegan; vegetarian,160,2,20,8,2
frozen-tilapia,Frozen Tilapia Fillets,frozen,serving,1.9,"2 lb bag, ~8 fillets (~$15.00)",300,seafood; lean-protein; budget,110,23,0,2,0
frozen-veggie-burger,Frozen veggie burger,frozen,piece,2,4 ct box (~$8.00),270,vegetarian; vegan,,,,,
frozen-waffles,Frozen waffles,frozen,piece,0.5,10 ct box (~$5.00),180,vegetarian,,,,,
whipped-topping,Frozen Whipped Topping,frozen,cup,0.85,8 oz tub (~$2.80),270,dessert; topping,150,1,12,11,0
frozen-wontons,Frozen Wontons,frozen,piece,0.35,18 oz bag (about 24 ct),270,prepared; asian; dumpling,50,2.5,6,1.8,0.3
frozen-yogurt,Frozen yogurt,frozen,1/2 cup,0.75,1.5 qt tub (~$4.50),365,,110,3,22,2,
frozen-yuca,Frozen Yuca,frozen,cup,0.9,20 oz bag,365,vegetable; vegan; latin; cassava,165,1.4,39,0.3,2
ice-cream,Ice cream,frozen,1/2 cup,0.45,48 oz tub (~$5.50),180,vegetarian,140,2,17,7,
peas,Peas (frozen),frozen,cup,0.62,10 oz (~$2.50),180,,110,8,20,0,7
plant-based-meatballs,Plant-based meatballs,frozen,serving,2,10 oz bag (~$5.50),365,vegan; vegetarian; high-protein; dairy-free; frozen,210,16,8,13,3
plant-based-nuggets,Plant-based nuggets,frozen,serving,1.4,13.5 oz bag (~$5.60),365,vegan; vegetarian; high-protein; dairy-free; frozen,190,11,12,11,3
popsicles,Popsicles,frozen,pop,0.3,12-pack (~$3.60),365,,45,0,11,0,
shrimp,Shrimp (frozen),frozen,serving,2.75,1 lb (~$11),365,high-protein,100,24,0,1,
sorbet,Sorbet,frozen,1/2 cup,0.85,1 pint (~$4),365,vegan,120,0,30,0,
vanilla-ice-cream,Vanilla Ice Cream,frozen,cup,0.9,1.5 qt tub (~$5.50),180,dessert; dairy,275,5,31,15,1
apple,Apple,fruit,apple,0.85,single (~$0.85),14,,95,0.5,25,0.3,4.4
apricot,Apricot,fruit,apricot,0.55,single (~$0.55),5,stone-fruit; summer,17,0.5,3.9,0.1,0.7
aronia-berry,Aronia Berry,fruit,cup,5.5,1 cup (140 g),7,berry; chokeberry; antioxidant,66,1.4,15.7,0.7,7.6
asian-pear,Asian Pear,fruit,asian-pear,1.75,single (~$1.75),21,crisp,116,1.4,29,0.6,9.9
banana,Banana,fruit,banana,0.3,single (~$0.30),5,staple; cheap,105,1.3,27,0.4,3
banana-chips,Banana Chips,fruit,1/4 cup,0.6,12 oz (~$4),180,dried; snack; pantry,147,0.7,17,9.5,2.2
blackberries,Blackberries,fruit,6 oz container,3.49,6 oz clamshell (~$3.49),5,vegan; vegetarian; gluten-free; dairy-free,73,2.4,17.4,0.8,9.6
blackcurrants,Blackcurrants,fruit,cup,3,6 oz (~$5),10,tart; seasonal,71,1.6,17,0.5,0
blood-orange,Blood Orange,fruit,blood-orange,1.1,single (~$1.10),14,citrus; seasonal,70,1.2,16,0.2,3.4
blueberries,Blueberries,fruit,cup,3,6 oz (~$4),7,,85,1,22,0.5,3.6
boysenberry,Boysenberry,fruit,cup,3.5,6 oz (~$5),5,berry,66,1.5,16,0.4,7
breadfruit,Breadfruit,fruit,cup,2.25,1 fruit (~1.5 lb),4,tropical; starchy; exotic,227,2.4,59.7,0.5,10.8
buddhas-hand,Buddha's Hand,fruit,piece,8,1 fruit (~400 g),14,citron; aromatic; zest-only,56,1.1,14.6,0.2,5.5
calamansi,Calamansi,fruit,piece,0.4,1 fruit (~20 g),14,citrus; filipino-lime; tart,4,0.1,1.2,0.05,0.5
kalamansi-juice,Calamansi Juice,fruit,tbsp,0.35,16 oz bottle,540,citrus; juice; filipino,3,0.05,0.9,0,
candied-citron,Candied Citron,fruit,cup,6,8 oz tub,365,candied; citrus; baking,314,0.2,80,0.1,2
candied-ginger,Candied Ginger,fruit,oz,0.55,8 oz (~$4.50),365,dried; pantry,100,0.1,25,0,0.5
candied-orange-peel,Candied Orange Peel,fruit,cup,5.5,7 oz pack,365,candied; citrus; baking,310,0.4,78,0.2,4
cantaloupe,Cantaloupe,fruit,cup,0.6,Whole melon ~3 lb (~$3.99),10,vegan; vegetarian; gluten-free; dairy-free; cheap,54,1.3,13,0.3,1.4
cherimoya,Cherimoya,fruit,cup,3.5,whole (~$6),5,tropical; exotic,120,2.5,29,1.1,4.8
clementine,Clementine,fruit,clementine,0.4,3 lb bag (~$6),14,citrus; snack,35,0.6,9,0.1,1.3
cloudberry,Cloudberry,fruit,cup,9,1 cup (130 g),4,berry; nordic; rare,68,3.1,11.6,1,8
coconut,Coconut,fruit,cup,1.4,whole (~$3),21,tropical,283,2.7,12,27,7.2
coconut-water,Coconut water,fruit,cup,1.1,33.8 oz carton (~$4.49),180,vegan; vegetarian; gluten-free; dairy-free,46,1.7,8.9,0.5,2.6
cranberries,Cranberries,fruit,cup,1.5,12 oz bag (~$3),30,seasonal; tart,46,0.4,12,0.1,4.6
cranberry-juice,Cranberry juice,fruit,oz,0.1,64 oz (~$4),30,drink,17,0,4,0,
damson-plum,Damson Plum,fruit,piece,0.5,1 fruit (~30 g),7,stone-fruit; tart; preserving,14,0.2,3.4,0.1,0.4
dragonfruit,Dragon Fruit,fruit,cup,2.75,whole (~$4.50),7,tropical,102,2.1,22,0.5,4.8
dried-apricot,Dried apricots,fruit,1/4 cup,0.45,8 oz bag (~$4.99),365,vegan; vegetarian; gluten-free; dairy-free,78,1.1,20.3,0.2,2.4
dried-apricots,Dried apricots,fruit,1/4 cup,0.8,6 oz (~$4),180,,78,1,20,0,2.5
barberries,Dried barberries,fruit,tbsp,0.5,4 oz (~$6),365,,20,0,5,0,1
dried-blueberries,Dried Blueberries,fruit,1/4 cup,1.3,5 oz (~$6),365,dried; pantry,127,0.9,32,0.5,3
dried-cherries,Dried Cherries,fruit,1/4 cup,1.2,8 oz (~$6),365,dried; pantry,130,1,31,0.5,2
dried-cranberry,Dried cranberries,fruit,1/4 cup,0.3,10 oz bag (~$3.49),365,vegan; vegetarian; gluten-free; dairy-free,92,0.1,24.6,0.4,1.7
dried-cranberries,Dried cranberries,fruit,1/4 cup,0.35,12 oz (~$4),365,,92,0,25,0,1.5
dried-figs,Dried Figs,fruit,fig,0.45,9 oz (~$5),365,dried; pantry,21,0.3,5.4,0.1,0.8
dried-jujube,Dried Jujube,fruit,cup,3.5,1 lb bag,365,dried; red-date; chinese,287,3.7,73.6,0.5,
dried-mango,Dried mango,fruit,1/4 cup,0.85,6 oz bag (~$5.49),365,vegan; vegetarian; gluten-free; dairy-free,80,0.5,20,0.3,1.5
dried-mulberry,Dried Mulberry,fruit,cup,4,8 oz bag,300,dried; berry; snack,363,11.7,78,3.4,14
dried-persimmon,Dried Persimmon,fruit,piece,1.75,8 oz pack,180,dried; hoshigaki; sweet,93,0.5,25,0.2,5
dried-pineapple,Dried Pineapple,fruit,1/4 cup,1.1,6 oz (~$5),365,dried; pantry,120,0.5,31,0.2,1.5
durian,Durian,fruit,cup,6,1 lb shelled flesh,3,tropical; exotic; pungent,357,3.6,65.8,13,9.2
elderberry,Elderberry,fruit,cup,3,6 oz (~$5),7,tart,106,1,27,0.7,10
feijoa,Feijoa,fruit,piece,1.25,1 fruit (~50 g),7,pineapple-guava; aromatic; tart,27,0.6,6.4,0.4,3.3
finger-lime,Finger Lime,fruit,piece,2.5,1 fruit (~20 g),14,citrus; caviar-lime; gourmet,6,0.1,2,0.05,0.6
freeze-dried-raspberry,Freeze-Dried Raspberry,fruit,cup,3.25,1.3 oz bag,730,freeze-dried; berry; snack,52,1.2,12,0.6,6
freeze-dried-strawberry,Freeze-Dried Strawberry,fruit,cup,3,1.2 oz bag,730,freeze-dried; berry; snack,48,1,12,0.4,4
cherry-fresh,Fresh cherries,fruit,1/2 cup,0.75,1 lb bag (~$5.99),7,vegan; vegetarian; gluten-free; dairy-free,49,0.8,12.5,0.2,1.6
fresh-fig,Fresh Fig,fruit,fig,0.85,8 oz (~$5),5,seasonal,37,0.4,10,0.2,1.5
jackfruit-fresh,Fresh Jackfruit,fruit,cup,2.2,1 lb (~$5),7,tropical,157,2.8,38,1.1,2.5
mango-fresh,Fresh mango,fruit,piece,1.25,Single mango ~12 oz (~$1.25),7,vegan; vegetarian; gluten-free; dairy-free,201,2.8,50.3,1.3,5.4
goji-berries,Goji Berries,fruit,1/4 cup,1.5,8 oz (~$10),365,dried; superfood; pantry,98,4,21,0.1,3.6
golden-raisins,Golden Raisins,fruit,1/4 cup,0.55,1 lb (~$5),365,dried; pantry,130,1.3,34,0.1,1.6
gooseberry,Gooseberry,fruit,cup,2.5,6 oz (~$4),10,tart; seasonal,66,1.3,15,0.9,6.5
grapefruit,Grapefruit,fruit,piece,1.25,Single grapefruit (~$1.25),21,vegan; vegetarian; gluten-free; dairy-free; acidic,82,1.6,20.6,0.3,2.8
grapefruit-juice,Grapefruit juice,fruit,oz,0.1,64 oz (~$4),30,drink,12,0,3,0,
grapes,Grapes,fruit,cup,1.4,2 lb (~$6),10,,60,0.6,16,0.3,0.8
green-apple,Green Apple,fruit,apple,0.9,single (~$0.90),21,tart,80,0.4,21,0.3,3.7
greengage,Greengage,fruit,piece,0.65,1 fruit (~35 g),7,stone-fruit; plum; sweet,16,0.2,4,0.1,0.5
guava,Guava,fruit,guava,1.1,single (~$1.10),5,tropical,37,1.4,8,0.5,3
honeydew,Honeydew Melon,fruit,cup,0.8,whole melon (~$4),14,summer,61,0.9,15,0.2,1.4
jujube,Jujube,fruit,cup,4,1 lb fresh,14,chinese-date; crisp; tropical,79,1.3,20.5,0.2,
key-lime,Key Lime,fruit,key-lime,0.25,1 lb bag (~$4),21,citrus; tart,2,0,0.7,0,0.2
kiwi,Kiwi,fruit,piece,0.65,Single kiwi ~3 oz (~$0.65),14,vegan; vegetarian; gluten-free; dairy-free,42,0.8,10.1,0.4,2.1
kumquat,Kumquat,fruit,cup,2,8 oz (~$4),14,citrus,71,1.9,16,0.9,6.5
langsat,Langsat,fruit,cup,5,1 lb,5,tropical; longkong; exotic,86,1.7,21.8,0.3,1.5
lemon,Lemon,fruit,lemon,0.7,single (~$0.70),14,,17,0.6,5,0,
lemon-zest,Lemon zest,fruit,tsp,0.3,from 1 lemon,7,,2,0,0.5,0,
lime,Lime,fruit,lime,0.45,single (~$0.45),14,,20,0.5,7,0,
lime-zest,Lime zest,fruit,tsp,0.2,from 1 lime,7,,1,0,0,0,
lingonberry,Lingonberry,fruit,cup,6,1 cup (110 g),7,berry; tart; nordic,59,0.8,13.2,0.6,3
loquat,Loquat,fruit,piece,0.45,1 fruit (~16 g),5,stone-fruit; tropical; japanese-plum,7,0.07,1.9,0.03,0.3
lychee,Lychee,fruit,cup,2.5,1 lb (~$6),7,tropical,125,1.6,31,0.8,2.5
mandarin,Mandarin orange,fruit,piece,0.5,3 lb bag (~$5.99) ~18 mandarins,14,vegan; vegetarian; gluten-free; dairy-free,,,,,
mango,Mango,fruit,mango,2,single (~$2),5,,200,3,50,1,5
mangosteen,Mangosteen,fruit,cup,4,1 lb (~$10),7,tropical; exotic,143,0.8,35,1.1,3.5
maraschino-cherries,Maraschino Cherries,fruit,cup,1.8,10 oz jar (~$3.50),730,jarred; garnish,165,0.2,42,0.2,3.2
marionberry,Marionberry,fruit,cup,4,1 cup (140 g),3,berry; blackberry-hybrid; pacific-northwest,62,2,14,0.7,7.6
medjool-dates,Medjool dates,fruit,piece,0.55,12 oz tub (~$7.99),180,vegan; vegetarian; gluten-free; dairy-free,66,0.5,18,0,1.6
medlar,Medlar,fruit,piece,1.5,1 fruit (~40 g),14,pome; bletted; heirloom,35,0.2,8.6,0.1,4
meyer-lemon,Meyer Lemon,fruit,meyer-lemon,0.9,single (~$0.90),14,citrus,17,0.6,5.4,0.2,1.6
mirabelle-plum,Mirabelle Plum,fruit,piece,0.6,1 fruit (~25 g),7,stone-fruit; plum; french,12,0.2,2.9,0.07,0.4
mulberry,Mulberry,fruit,cup,4.5,1 cup (140 g),3,berry; delicate; antioxidant,60,2,13.7,0.5,2.4
nectarine,Nectarine,fruit,nectarine,0.95,single (~$0.95),7,stone-fruit; summer,63,1.5,15,0.5,2.4
orange,Orange,fruit,orange,0.9,single (~$0.90),14,,62,1.2,15.4,0,3
orange-juice,Orange juice,fruit,cup,0.4,59 oz carton (~$4.99),30,vegan; vegetarian; gluten-free; dairy-free; acidic,112,1.7,25.8,0.5,0.5
papaya,Papaya,fruit,cup,1,whole (~$3.50),7,tropical,62,0.7,16,0.4,2.5
passionfruit,Passion Fruit,fruit,passionfruit,1.25,single (~$1.25),10,tropical; tart,17,0.4,4.2,0.1,1.9
peach,Peach,fruit,piece,0.85,Single peach ~5 oz (~$0.85),7,vegan; vegetarian; gluten-free; dairy-free,59,1.4,14.3,0.4,2.3
pear,Pear,fruit,piece,0.95,Single pear ~6 oz (~$0.95),10,vegan; vegetarian; gluten-free; dairy-free,100,1,27,0,5.5
persimmon,Persimmon,fruit,persimmon,1.2,single (~$1.20),10,seasonal,118,1,31,0.3,6
pineapple,Pineapple,fruit,cup,0.7,Whole pineapple (~$3.99),7,vegan; vegetarian; gluten-free; dairy-free,82,0.9,21.6,0.2,2.3
pineapple-juice,Pineapple juice,fruit,oz,0.1,46 oz (~$3.50),30,drink,16,0,4,0,
plum,Plum,fruit,plum,0.75,single (~$0.75),7,stone-fruit; summer,30,0.5,7.5,0.2,0.9
pomegranate,Pomegranate,fruit,piece,2.99,Single pomegranate (~$2.99),21,vegan; vegetarian; gluten-free; dairy-free,234,4.7,52.7,3.3,11.3
pomegranate-seeds,Pomegranate arils,fruit,1/4 cup,2,8 oz (~$5),7,,36,0.7,8.2,0.5,1.8
pomelo,Pomelo,fruit,cup,2,1 fruit (~1 kg),14,citrus; large; mild,72,1.4,18.3,0.1,2
quince,Quince,fruit,piece,2,1 fruit (~200 g),21,pome; cooking-fruit; astringent,104,0.7,27.9,0.2,3.5
raisins,Raisins,fruit,1/4 cup,0.5,1 lb (~$4.50),365,,110,1,30,0,1
rambutan,Rambutan,fruit,cup,3,1 lb (~$7),7,tropical; exotic,123,1.5,31,0.4,1.3
raspberries,Raspberries,fruit,6 oz container,3.99,6 oz clamshell (~$3.99),4,vegan; vegetarian; gluten-free; dairy-free,88,2,20,1.1,10.9
ripe-plantain,Ripe Plantain,fruit,piece,0.6,1 plantain (~180 g),5,tropical; starchy; sweet,218,2.3,57,0.7,4.1
salak,Salak,fruit,piece,1,1 fruit (~50 g),7,snake-fruit; tropical; exotic,41,0.4,11,0.2,1.5
sapodilla,Sapodilla,fruit,piece,1.75,1 fruit (~170 g),5,tropical; exotic; chikoo,141,0.75,33.9,1.9,9
sea-buckthorn,Sea Buckthorn,fruit,cup,7,1 cup (110 g),5,berry; tart; superfruit,89,1.4,11,3.8,4.7
soursop,Soursop,fruit,cup,3.5,1 fruit (~2 lb),4,tropical; exotic; guanabana,148,2.2,37.8,0.7,7.4
starfruit,Starfruit,fruit,starfruit,1.5,single (~$1.50),7,tropical; tart,28,1,6,0.3,2.5
strawberries,Strawberries,fruit,cup,1.5,16 oz (~$5),5,,50,1,12,0.5,3
sudachi,Sudachi,fruit,piece,2,1 fruit (~30 g),14,citrus; japanese; tart,9,0.2,2.6,0.05,0.5
sugar-apple,Sugar Apple,fruit,piece,2.75,1 fruit (~150 g),4,tropical; custard-apple; sweetsop,141,3.1,35.4,0.5,6.6
tamarillo,Tamarillo,fruit,piece,1.5,1 fruit (~90 g),10,tropical; tree-tomato; tart,28,1.3,5.6,0.3,2.9
tangerine,Tangerine,fruit,tangerine,0.55,single (~$0.55),14,citrus; snack,47,0.7,12,0.3,1.6
tomato-juice,Tomato juice,fruit,oz,0.08,46 oz (~$3),30,drink,5,0.2,1.1,0,
ugli-fruit,Ugli Fruit,fruit,piece,2,1 fruit (~400 g),14,citrus; tangelo; jamaican,90,1.8,22.5,0.3,4
watermelon,Watermelon,fruit,cup,0.5,Whole watermelon ~10 lb (~$5.99),10,vegan; vegetarian; gluten-free; dairy-free; cheap,46,0.9,11.5,0.2,0.6
white-currant,White Currant,fruit,cup,5,1 cup (110 g),5,berry; mild; ribes,61,1.5,15.4,0.2,4.8
yuzu,Yuzu,fruit,piece,4.5,1 fruit (~60 g),14,citrus; japanese; aromatic,32,0.7,8,0.2,1.8
adzuki-beans,Adzuki Beans,grain,cup,1.6,"16 oz bag (~$3.50, ~2.5 cups dry)",730,legume; dried-beans; asian; red-bean; high-protein; high-fiber,147,9,28,0.2,8
baking-mix,All-purpose baking mix (Bisquick-style),grain,cup,0.5,40 oz box (~$4.50),365,staple,480,9,84,12,3
flour,All-purpose flour,grain,cup,0.24,5 lb (~$4),365,staple; baking,455,13,95,1.2,3
almond-flour,Almond flour,grain,cup,1.2,16 oz bag (~$10.00),180,vegan; gluten-free; baking; high-protein,640,24,24,56,12
amaranth,Amaranth,grain,cup,0.85,16 oz bag (~$5),540,whole-grain; gluten-free,716,26,126,13,13
angel-hair,Angel Hair Pasta,grain,serving,0.4,1 lb box (~$1.90),730,pasta; staple,200,7.5,42,1.2,2.5
appaloosa-beans,Appaloosa Beans,grain,cup,3.6,"16 oz bag (~$9.00, ~2.5 cups dry)",730,legume; heirloom; rancho-gordo; southwest; high-protein; high-fiber,145,9,26,0.5,8
arborio-rice,Arborio rice,grain,cup-dry,0.45,1 lb bag (~$4.50),730,vegan; gluten-free,717,13,158,1,3
arrowroot-starch,Arrowroot Starch,grain,cup,3,"16 oz bag (~$8.50, ~3.6 cups)",730,starch; gluten-free; thickener; paleo; grain-free,110,0,28,0,1
bagel,Bagel,grain,bagel,0.83,6 ct (~$5),7,,280,11,56,1.5,2
basmati-rice,Basmati rice,grain,cup-dry,0.22,4 lb bag (~$9.00),730,staple; cheap; vegan; gluten-free,660,13,146,1.5,2
beluga-lentils,Beluga Black Lentils,grain,cup,2.6,"16 oz bag (~$6.50, ~2.3 cups dry)",730,legume; black-lentil; holds-shape; high-protein; high-fiber,160,12,27,0.5,11
bihon,Bihon Rice Noodles,grain,serving,1,"8 oz pack (~$3.50, ~4 servings)",730,noodles; filipino; rice-vermicelli; gluten-free; stir-fry,190,1,44,0,1
black-barley,Black Barley,grain,cup,1.8,"16 oz bag (~$6.00, ~3.3 cups dry)",540,whole-grain; heirloom; high-fiber; chewy,160,5,34,1,8
black-rice,Black Rice,grain,cup,0.65,15 oz bag (~$4.50),540,whole-grain; wholesome,640,18,136,4,6
bomba-rice,Bomba Rice,grain,cup,3.5,"17.6 oz bag (~$11.00, ~3 cups dry)",730,spanish; paella; short-grain; gluten-free,160,3,36,0.5,1
borlotti-beans,Borlotti Beans,grain,cup,2.4,"16 oz bag (~$6.00, ~2.5 cups dry)",730,legume; italian; cranberry-bean; heirloom; high-protein; high-fiber,150,9,27,0.5,9
brownie-mix,Boxed brownie mix,grain,serving,0.3,18 oz box (~$3),365,baking; dessert,140,1,28,3,1
bread,Bread,grain,slice,0.18,loaf (~$3.50),7,staple,80,3,14,1,1
bread-flour,Bread Flour,grain,cup,0.3,5 lb bag (~$4.50),365,baking; staple,495,16,99,2,3.5
bread-slices,Bread slices,grain,slice,0.18,loaf (~$3.50),7,,80,3,15,1,1
breadsticks,Breadsticks,grain,piece,0.2,12 ct (~$2.40),120,bread; snack,40,1,7,1,0
brioche-buns,Brioche buns,grain,piece,0.85,8-pack (~$6.50),7,vegetarian,200,6,30,6,1
broken-rice,Broken Rice,grain,cup,0.7,"32 oz bag (~$4.50, ~6 cups dry)",730,vietnamese; com-tam; gluten-free; budget,170,3,38,0.5,1
brown-lentils,Brown lentils,grain,cup-dry,1.3,1 lb (~$3),365,,676,50,115,2,45
brown-rice,Brown rice,grain,cup,0.27,2 lb (~$3.50),180,,215,5,45,1.8,3.5
buckwheat-flour,Buckwheat Flour,grain,cup,0.9,1.5 lb (~$5.50),270,baking; flour; gluten-free; whole-grain,402,15,85,3.7,12
bulgur,Bulgur wheat,grain,cup-dry,0.3,1 lb bag (~$3.50),730,cheap; vegan; high-protein,479,17,106,2,26
bulgur-wheat,Bulgur wheat,grain,cup-dry,0.8,1 lb (~$2.50),365,,479,17,106,2,26
cake-flour,Cake Flour,grain,cup,0.55,32 oz box (~$4.50),365,baking,420,9,92,1,2
calasparra-rice,Calasparra Rice,grain,cup,3.2,"18 oz bag (~$10.50, ~3 cups dry)",730,spanish; paella; short-grain; gluten-free,160,3,36,0.5,1
canned-cinnamon-rolls,Canned cinnamon rolls,grain,roll,0.38,8-count can (~$3),30,dessert,145,2,23,5,
cannelloni,Cannelloni Tubes,grain,serving,0.85,8 oz box (~$3.40),730,pasta,210,7.5,43,1.2,2
carnaroli-rice,Carnaroli Rice,grain,cup,2.4,"35 oz bag (~$14.00, ~6 cups dry)",730,italian; risotto; short-grain; gluten-free,170,3,37,0.5,1
cassava-flour,Cassava Flour,grain,cup,1.1,2 lb (~$8.00),365,baking; flour; gluten-free; grain-free,460,4,110,0,4
cavatappi,Cavatappi,grain,serving,0.45,1 lb box (~$2.20),730,pasta,200,7.5,42,1.2,2.5
challah,Challah,grain,slice,0.4,16 oz loaf (~$5),5,bread; bakery,160,5,27,3.5,1
chana-dal,Chana dal,grain,cup-dry,0.5,2 lb bag (~$5),730,vegan; high-protein; cheap,728,39,121,12,34
ravioli,Cheese Ravioli,grain,serving,1.4,9 oz pack (~$4.20),45,pasta; refrigerated,250,11,38,6,2
chestnut-flour,Chestnut Flour,grain,cup,4.5,"16 oz bag (~$14.00, ~3.5 cups)",365,flour; gluten-free; italian; sweet; baking,140,3,31,1.5,5
chickpea-flour,Chickpea Flour,grain,cup,0.85,2 lb (~$5.50),270,baking; flour; gluten-free; besan; high-protein,356,21,53,6,10
chow-mein-noodles,Chow Mein Noodles,grain,serving,0.55,14 oz pack (~$3.20),540,noodles; asian,220,7,42,3,2
christmas-lima-beans,Christmas Lima Beans,grain,cup,3.4,"16 oz bag (~$8.50, ~2.5 cups dry)",730,legume; heirloom; rancho-gordo; chestnut-flavor; high-protein; high-fiber,140,8,25,0.5,8
coarse-semolina,Coarse Semolina,grain,cup,0.9,"24 oz bag (~$4.50, ~4.5 cups)",365,flour; durum; semolina; upma; baking,150,5,31,0.5,2
coconut-flour,Coconut Flour,grain,cup,1.4,1 lb (~$6.50),365,baking; flour; gluten-free; grain-free; high-fiber,480,18,72,15,42
cornbread,Cornbread,grain,slice,0.55,16 oz loaf (~$5),4,bread,180,4,29,6,1
cornmeal,Cornmeal (polenta),grain,cup-dry,0.2,24 oz bag (~$3.50),365,cheap; vegan; gluten-free,442,10,94,4,9
couscous,Couscous,grain,cup-dry,1.5,12 oz (~$3),365,,650,22,134,1,8
cowpeas,Cowpeas,grain,cup,1,"16 oz bag (~$2.50, ~2.5 cups dry)",730,legume; dried-beans; field-peas; southern; high-protein; high-fiber,160,11,28,0.6,8
cream-of-wheat,Cream of Wheat,grain,cup,0.35,28 oz box (~$4.50),540,breakfast; hot-cereal,560,16,120,2,4
crescent-dough,Crescent Roll Dough,grain,can,3,8 oz can (~$3.00),60,baking; dough; refrigerated,880,16,120,36,4
croissant,Croissant,grain,piece,0.85,6 ct (~$5),4,bread; bakery,270,5,31,14,2
crumpets,Crumpets,grain,piece,0.5,6 ct (~$3),10,bread; breakfast,90,3,19,0.5,1
dinner-rolls,Dinner Rolls,grain,roll,0.3,12 ct (~$3.60),7,bread,110,3,20,2,1
dumpling-wrappers,Dumpling wrappers,grain,piece,0.1,12 oz pack ~50 wrappers (~$4.00),30,vegan,20,1,4,0,
durum-flour,Durum Flour,grain,cup,1.1,"32 oz bag (~$6.00, ~7 cups)",365,flour; durum; pasta; high-protein; baking,140,5,29,0.5,2
egg-noodles,Egg noodles,grain,serving,0.5,12 oz (~$2.50),365,,220,8,40,3,2
einkorn,Einkorn Berries,grain,cup,2.4,"32 oz bag (~$13.00, ~5.5 cups dry)",540,ancient-grain; heirloom-wheat; whole-grain,160,7,34,1.5,4
einkorn-flour,Einkorn Flour,grain,cup,2.6,"32 oz bag (~$15.00, ~6 cups)",365,flour; ancient-grain; heirloom-wheat; baking,140,5,29,1,3
macaroni,Elbow macaroni,grain,serving,0.28,16 oz box (~$1.80),730,staple; cheap; vegan,200,7,42,1,2
elbow-pasta,Elbow macaroni,grain,serving,0.38,1 lb box (~$1.50),365,,200,7,42,1,2
emmer,Emmer (Farro),grain,cup,1.9,"24 oz bag (~$10.00, ~5 cups dry)",540,ancient-grain; heirloom-wheat; whole-grain,170,7,34,1.5,5
english-muffin,English muffin,grain,muffin,0.58,6 ct (~$3.50),14,,140,5,27,1,2
farro,Farro,grain,cup-dry,0.55,1 lb bag (~$5.00),730,vegan; high-protein,660,24,136,4,18
fava-flour,Fava Bean Flour,grain,cup,2,"16 oz bag (~$6.50, ~3.5 cups)",365,flour; gluten-free; high-protein; legume-flour,110,8,18,0.5,5
semolina-fine,Fine Semolina,grain,cup,0.9,"24 oz bag (~$4.50, ~4.5 cups)",365,flour; durum; pasta; baking,150,5,31,0.5,2
flageolet-beans,Flageolet Beans,grain,cup,3.2,"16 oz bag (~$8.00, ~2.5 cups dry)",730,legume; french; heirloom; dried-beans; high-protein; high-fiber,140,9,25,0.5,7
flatbread,Flatbread,grain,piece,0.6,6 ct (~$3.60),14,bread,140,5,25,2.5,1
focaccia,Focaccia,grain,slice,0.75,12 oz loaf (~$5),4,bread; bakery,150,4,24,4,1
fonio,Fonio,grain,cup,1.6,"16 oz bag (~$8.50, ~5 cups dry)",730,ancient-grain; west-african; gluten-free; whole-grain,170,3,39,0.5,1.5
forbidden-rice,Forbidden Black Rice,grain,cup,1.6,"15 oz bag (~$6.00, ~4 cups dry)",540,whole-grain; heirloom-rice; gluten-free; antioxidant; nutty,160,5,34,1.5,2
freekeh,Freekeh,grain,cup-dry,1.5,1 lb (~$5),365,,560,22,116,4,26
fusilli,Fusilli,grain,serving,0.38,1 lb box (~$1.80),730,pasta; staple,200,7.5,42,1.2,2.5
gigante-beans,Gigante Beans,grain,cup,3.6,"16 oz bag (~$9.00, ~2.5 cups dry)",730,legume; greek; heirloom; large-bean; high-protein; high-fiber,140,9,25,0.5,8
glass-noodles,Glass noodles / cellophane noodles,grain,serving,0.5,3.5 oz (~$2),365,,190,0,48,0,
gluten-free-flour,Gluten-Free All-Purpose Flour,grain,cup,0.95,2.5 lb (~$6.50),365,baking; flour; gluten-free; blend,440,6,98,1.5,4
glutinous-black-rice,Glutinous Black Rice,grain,cup,1.5,"16 oz bag (~$5.50, ~4 cups dry)",540,sticky-rice; asian; dessert-rice; gluten-free,170,4,37,1,2
glutinous-rice-flour,Glutinous rice flour,grain,cup,0.6,16 oz bag (~$3.50),365,vegan; gluten-free; baking,600,10,130,2,2
graham-cracker-crumbs,Graham Cracker Crumbs,grain,cup,0.95,13.5 oz box (~$4.50),270,baking; crust; crumbs,355,5,65,9,2
graham-cracker-crust,Graham Cracker Crust,grain,piece,2.8,1 crust 6 oz (~$2.80),180,baking; pastry; prepared,720,7,104,30,2
granola,Granola,grain,1/2 cup,0.92,12 oz (~$5.50),180,,240,6,36,9,4
green-banana-flour,Green Banana Flour,grain,cup,3,"16 oz bag (~$9.50, ~3.5 cups)",540,flour; gluten-free; resistant-starch; paleo,130,1.5,31,0.3,4
green-lentils,Green lentils,grain,cup-dry,0.85,1 lb (~$2),365,,678,49,115,2,59
hamburger-buns,Hamburger buns,grain,piece,0.4,8-pack (~$3.00),7,cheap; vegan,150,5,28,2,1
hoagie-rolls,Hoagie rolls,grain,roll,0.75,4 ct (~$3),7,,230,8,44,3,2
horse-gram,Horse Gram,grain,cup,2.2,"16 oz bag (~$5.50, ~2.5 cups dry)",730,legume; indian; kulthi; high-protein; high-fiber; heirloom,160,13,26,0.4,5
hot-dog-buns,Hot dog buns,grain,piece,0.4,8-pack (~$3.00),7,cheap; vegan,140,5,26,2,1
injera,Injera flatbread,grain,piece,1,2-pack (~$4),7,,160,5,33,1,3
rolled-oats-instant,Instant oat packets,grain,pack,0.5,10 ct (~$5),365,,160,4,32,2,3
ramen,Instant ramen,grain,pack,0.55,pack (~$0.55),365,staple,380,8,52,14,2
breadcrumbs,Italian breadcrumbs,grain,cup,0.25,15 oz canister (~$2.50),365,cheap; vegan,427,14,78,6,5
jasmine-rice,Jasmine rice,grain,cup-dry,0.18,5 lb bag (~$8.00),730,staple; cheap; vegan; gluten-free,675,13,148,1.2,2.4
jobs-tears,Job's Tears,grain,cup,1.7,"16 oz bag (~$5.50, ~3 cups dry)",540,ancient-grain; coix; asian; chewy,180,4,40,1,1
kaiser-rolls,Kaiser Rolls,grain,roll,0.5,8 ct (~$4),7,bread,170,6,33,2.5,1
kalijira-rice,Kalijira Rice,grain,cup,2.1,"32 oz bag (~$12.00, ~6 cups dry)",730,bangladeshi; baby-basmati; aromatic; gluten-free,160,4,36,0.5,1
khorasan,Khorasan Wheat,grain,cup,1.5,"26 oz bag (~$8.00, ~5 cups dry)",540,ancient-grain; kamut; heirloom-wheat; whole-grain,150,7,31,1,4
tteok,Korean rice cakes (tteok),grain,cup,1,1 lb bag (~$3),60,vegan,330,6,73,0.5,1
kuzu,Kuzu Starch,grain,tbsp,0.6,"3.5 oz box (~$9.00, ~15 tbsp)",1095,starch; gluten-free; japanese; thickener; macrobiotic,35,0,8,0,
kway-teow,Kway Teow Noodles,grain,serving,1.1,"14 oz pack (~$4.50, ~4 servings)",365,noodles; wide-rice-noodle; southeast-asian; gluten-free; stir-fry,190,2,43,0.3,1
lasagna-noodles,Lasagna noodles,grain,serving,0.55,16 oz box (~$3.50),730,vegan,200,7,42,1,2
lavash,Lavash,grain,piece,0.7,5 ct (~$3.50),14,bread; wrap,110,4,21,1,1
lentils,Lentils,grain,cup-dry,0.85,1 lb bag (~$2),365,staple; cheap; vegan,670,50,115,2,58
lentils-du-puy,Lentils du Puy,grain,cup,2.8,"16 oz bag (~$7.00, ~2.3 cups dry)",730,legume; french; green-lentil; holds-shape; high-protein; high-fiber,160,12,27,0.5,11
lo-mein-noodles,Lo Mein Noodles,grain,serving,0.5,14 oz pack (~$3),540,noodles; asian,210,7,43,1.5,2
lupin-flour,Lupin Flour,grain,cup,2.2,"16 oz bag (~$7.00, ~4 cups)",365,flour; gluten-free; high-protein; low-carb; keto,110,12,11,2.5,9
manicotti,Manicotti Shells,grain,serving,0.85,8 oz box (~$3.20),730,pasta,210,7.5,43,1.2,2
masa-harina,Masa harina,grain,cup,0.2,4.4 lb bag (~$6),365,vegan; gluten-free; cheap; staple,416,11,87,4,9
masarepa,Masarepa (pre-cooked corn flour),grain,cup,0.5,2 lb (~$4),365,,400,9,88,2,8
millet,Millet,grain,cup-dry,1.4,1 lb (~$3.50),365,gluten-free,756,22,146,8,17
millet-flour,Millet flour,grain,cup,0.35,2 lb (~$5),180,,455,13,89,5,8
misua,Misua Noodles,grain,serving,0.9,"8.8 oz pack (~$3.50, ~4 servings)",540,noodles; filipino; chinese; thin-wheat; quick-cooking,190,6,40,0.5,1
moth-beans,Moth Beans,grain,cup,1.8,"16 oz bag (~$4.50, ~2.5 cups dry)",730,legume; indian; matki; high-protein; high-fiber; sprouting,170,11,30,0.6,10
multigrain-bread,Multigrain Bread,grain,slice,0.22,24 oz loaf (~$4),7,bread; whole-grain,90,4,15,1.5,2
mung-beans,Mung beans,grain,cup-dry,1.3,1 lb (~$3),365,,718,49,130,2,34
naan,Naan bread,grain,piece,1.25,4-pack (~$5.00),14,vegetarian,260,9,48,5,2
oat-bran,Oat Bran,grain,cup,0.4,16 oz bag (~$4),300,whole-grain; fiber,231,16,62,7,15
oat-flour,Oat flour,grain,cup,0.3,1 lb (~$4),180,,420,15,70,9,11
orecchiette,Orecchiette,grain,serving,0.48,1 lb box (~$2.40),730,pasta,200,7.5,42,1.2,2.5
orzo,Orzo,grain,serving,0.4,16 oz box (~$2.80),730,cheap; vegan,200,7,42,1,2
pancake-mix,Pancake mix,grain,serving,0.35,32 oz box (~$4.00),365,cheap; vegetarian; baking,,,,,
panko,Panko breadcrumbs,grain,cup,0.3,8 oz box (~$3.00),365,cheap; vegan,440,14,92,4,4
pappardelle,Pappardelle,grain,serving,0.7,8.8 oz box (~$3.20),730,pasta,200,7.5,42,1.2,2.5
parboiled-rice,Parboiled Rice,grain,cup,0.55,"32 oz bag (~$3.50, ~6 cups dry)",730,converted-rice; gluten-free; long-grain; budget,170,4,38,0.5,1
pasta,Pasta,grain,serving,0.38,1 lb box (~$1.50),365,staple; cheap,200,7.5,42,1.2,2.5
pasta-shells,Pasta Shells,grain,serving,0.4,1 lb box (~$1.90),730,pasta; staple,200,7.5,42,1.2,2.5
pastry-flour,Pastry Flour,grain,cup,0.6,2 lb (~$5.50),365,baking; flour; low-protein,440,11,94,1.5,3
barley,Pearl barley,grain,cup-dry,0.25,16 oz bag (~$2.50),730,cheap; vegan,704,20,155,2,31
pearl-barley,Pearl barley,grain,cup-dry,0.55,1 lb (~$2.50),365,,704,20,155,2,31
penne,Penne,grain,serving,0.3,16 oz box (~$2.00),730,staple; cheap; vegan,200,7,42,1,2
phyllo,Phyllo dough,grain,sheet,0.3,1 lb (~$6),14,,57,1,10,1,
pita,Pita bread,grain,pita,0.5,6 ct (~$3),14,,165,5,33,1,1
plantain-flour,Plantain Flour,grain,cup,2.8,"16 oz bag (~$8.50, ~3.5 cups)",540,flour; gluten-free; west-african; paleo; resistant-starch,140,1.5,33,0.4,4
polenta,Polenta,grain,cup,0.38,18 oz (~$3.50),365,,600,13,130,3,12
gnocchi,Potato gnocchi,grain,serving,1.5,17.6 oz pack (~$3.00),365,vegetarian,250,6,52,2,2
puffed-rice,Puffed rice cereal,grain,cup,0.2,10 oz (~$3),180,,56,1,13,0,
pumpernickel,Pumpernickel Bread,grain,slice,0.35,16 oz loaf (~$4.50),7,bread,80,3,15,1,2
purple-barley,Purple Barley,grain,cup,1.9,"16 oz bag (~$6.50, ~3.3 cups dry)",540,whole-grain; heirloom; antioxidant; high-fiber,160,5,34,1,8
quinoa,Quinoa,grain,cup-dry,2.4,16 oz (~$5.50),365,high-protein; gluten-free,626,24,109,10,12
red-lentils,Red lentils,grain,cup-dry,1.3,1 lb (~$3),365,,676,48,115,2,21
red-rice,Red Rice,grain,cup,1.2,"32 oz bag (~$7.50, ~6 cups dry)",540,whole-grain; heirloom-rice; gluten-free; antioxidant,160,4,34,1.5,2
canned-biscuits,Refrigerated biscuit dough,grain,piece,0.31,8-count can (~$2.50),30,,110,2,14,5,0.5
crescent-rolls,Refrigerated crescent roll dough,grain,piece,0.31,8-count can (~$2.50),30,,100,2,11,6,
pie-crust,Refrigerated Pie Crust,grain,piece,2.25,2 crusts (~$4.50),60,baking; pastry; refrigerated,880,10,92,52,3
pizza-dough,Refrigerated pizza dough,grain,bag,2.5,16 oz ball (~$2.50),14,vegan,1120,40,224,8,8
rice,Rice,grain,cup,0.15,5 lb bag (~$5),365,staple; cheap,205,4.3,45,0.4,0.6
rice-flour,Rice flour,grain,cup,0.45,16 oz bag (~$4.00),365,vegan; gluten-free; baking,,,,,
rice-noodles,Rice noodles,grain,serving,0.88,14 oz (~$3.50),365,gluten-free,195,4,44,0.5,1
rice-paper,Rice paper wrappers,grain,piece,0.12,12 oz pack ~30 wrappers (~$3.50),730,vegan; gluten-free,30,0,7,0,
vermicelli-rice-noodles,Rice vermicelli,grain,serving,0.5,14 oz pack (~$3.00),730,cheap; vegan; gluten-free,190,3,44,0,1
rice-vermicelli,Rice vermicelli,grain,serving,0.5,14 oz (~$2.50),365,,190,3,44,0,1
oats,Rolled oats,grain,cup,0.3,42 oz (~$4.50),365,staple; cheap,300,10,54,5,8
roti,Roti,grain,piece,0.35,10 ct (~$3.50),14,bread; flatbread,120,3,18,4,2
rotini,Rotini,grain,serving,0.38,1 lb box (~$1.80),730,pasta; staple,200,7.5,42,1.2,2.5
rye-flour,Rye flour,grain,cup,0.25,2 lb (~$4),180,,416,11,88,3,15
sago,"Sago pearls (tapioca, dry)",grain,cup,0.8,16 oz bag (~$3),730,vegan; gluten-free; dessert,544,0.3,135,0,1.4
scarlet-runner-beans,Scarlet Runner Beans,grain,cup,3.8,"16 oz bag (~$9.50, ~2.5 cups dry)",730,legume; heirloom; large-bean; rancho-gordo; high-protein; high-fiber,140,9,25,0.5,8
self-rising-flour,Self-Rising Flour,grain,cup,0.28,5 lb bag (~$4),365,baking,440,12,93,1,3
semolina,Semolina,grain,cup,0.6,1 lb (~$2.50),365,,601,21,122,2,7
semolina-flour,Semolina Flour,grain,cup,0.45,24 oz bag (~$4.50),365,baking; pasta,601,21,122,1.8,6.5
soba-noodles,Soba noodles,grain,serving,1.5,8 oz (~$4.50),365,,200,8,43,0,2
somen,Somen Noodles,grain,serving,1,"12.7 oz pack (~$4.50, ~4 servings)",730,noodles; japanese; thin-wheat; cold-noodle,200,7,42,0.5,2
sorghum,Sorghum,grain,cup,0.85,"24 oz bag (~$4.50, ~5 cups dry)",730,ancient-grain; gluten-free; whole-grain; high-fiber,163,5,36,1.6,3
sorghum-flour,Sorghum Flour,grain,cup,1.4,"24 oz bag (~$5.50, ~4 cups)",365,flour; gluten-free; whole-grain; baking,160,5,34,1.5,3
sourdough,Sourdough bread,grain,slice,0.4,24 oz loaf ~16 slices (~$6.50),7,vegan,90,3,18,1,1
spaghetti,Spaghetti,grain,serving,0.3,16 oz box (~$2.00),730,staple; cheap; vegan,200,7,42,1,2
spelt,Spelt,grain,cup,0.7,24 oz bag (~$6),540,whole-grain; ancient-grain,588,25,122,4,19
spelt-flour,Spelt Flour,grain,cup,0.8,2 lb (~$6.00),270,baking; flour; whole-grain; ancient-grain,440,15,88,3,11
split-mung-dal,Split Mung Dal,grain,cup,1.3,"32 oz bag (~$5.50, ~4.5 cups dry)",730,legume; indian; skinned; yellow-dal; high-protein; quick-cooking,150,11,25,0.5,7
split-peas,Split peas,grain,cup-dry,0.85,1 lb (~$2),730,vegan; cheap,670,47,117,2,50
steel-cut-oats,Steel-Cut Oats,grain,cup,0.45,30 oz tub (~$5.50),540,whole-grain; breakfast,600,20,108,10,16
sub-rolls,Sub Rolls,grain,roll,0.55,6 ct (~$3.30),6,bread,200,7,38,2.5,2
sushi-rice,Sushi rice,grain,cup-dry,0.28,2 lb bag (~$5.50),730,vegan; gluten-free,675,13,148,1,2
sweet-rice,Sweet (glutinous) rice,grain,cup-dry,0.35,2 lb bag (~$4),730,staple; vegan; gluten-free,685,13,151,0.9,5
sweet-potato-noodles,Sweet Potato Glass Noodles,grain,serving,1.1,"12 oz bag (~$5.50, ~5 servings)",730,noodles; korean; dangmyeon; japchae; gluten-free; chewy,210,0,52,0,1
tagliatelle,Tagliatelle,grain,serving,0.65,8.8 oz box (~$3),730,pasta,200,7.5,42,1.2,2.5
tapioca-flour,Tapioca Flour,grain,cup,0.65,1.5 lb (~$5.00),730,baking; flour; gluten-free; thickener,480,0,120,0,1
teff,Teff,grain,cup,1.05,16 oz bag (~$6.50),540,whole-grain; gluten-free,708,26,141,5,15
teff-flour,Teff Flour,grain,cup,2.9,"20 oz bag (~$8.50, ~3 cups)",365,flour; gluten-free; ethiopian; injera; whole-grain,180,6,36,1.5,6
tepary-beans,Tepary Beans,grain,cup,4,"16 oz bag (~$10.00, ~2.5 cups dry)",730,legume; heirloom; southwest; drought-native; high-protein; high-fiber,150,11,26,0.5,9
texas-toast,Texas Toast,grain,slice,0.3,20 oz loaf (~$4),7,bread; thick-cut,120,4,20,2.5,1
tipo-00-flour,Tipo 00 Flour,grain,cup,1.3,"35 oz bag (~$8.00, ~8 cups)",365,flour; italian; pizza; pasta; fine-milled,130,4,27,0.5,1
toor-dal,Toor dal,grain,cup-dry,0.55,2 lb bag (~$5.50),730,vegan; high-protein; cheap,690,43,122,3,30
tortellini,Tortellini,grain,serving,1.3,9 oz pack (~$4),45,pasta; refrigerated,250,11,38,6,2
tortilla,Tortilla,grain,tortilla,0.25,10 ct (~$2.50),14,,140,4,22,4,1
tortilla-chips,Tortilla chips,grain,serving,0.35,bag (~$3.50),60,,140,2,19,7,1
triticale,Triticale Berries,grain,cup,1.1,"24 oz bag (~$5.50, ~5 cups dry)",540,whole-grain; hybrid-grain; high-fiber,160,6,35,1,7
udon,Udon noodles,grain,serving,1.35,14 oz (~$4),180,,220,7,47,1,
urad-dal,Urad dal,grain,cup-dry,0.5,2 lb bag (~$5),730,vegan; high-protein; cheap,705,50,121,3,35
vermicelli,Vermicelli,grain,serving,0.38,1 lb (~$1.50),365,,200,7,42,1,2
vialone-nano-rice,Vialone Nano Rice,grain,cup,3,"17.6 oz bag (~$10.00, ~3 cups dry)",730,italian; risotto; short-grain; gluten-free,170,3,37,0.5,1
waffle-mix,Waffle mix,grain,cup,0.55,28 oz box (~$3.50),365,staple,400,9,80,4,2
water-chestnut-flour,Water Chestnut Flour,grain,cup,3.5,"8 oz bag (~$5.50, ~1.6 cups)",540,starch; gluten-free; asian; thickener; crispy-coating,130,0,32,0,1
wheat-berries,Wheat Berries,grain,cup,0.4,24 oz bag (~$4),540,whole-grain,632,24,136,4,24
wheat-germ,Wheat Germ,grain,cup,0.65,12 oz jar (~$5),270,whole-grain; topping,414,27,60,11,15
urad-whole,Whole Urad (Black Gram),grain,cup,1.5,"32 oz bag (~$6.00, ~4.5 cups dry)",730,legume; indian; black-gram; dal-makhani; high-protein; high-fiber,160,12,27,0.6,9
whole-wheat-buns,Whole wheat buns,grain,bun,0.6,8 ct (~$4.50),7,,140,6,26,2,3
whole-wheat-couscous,Whole wheat couscous,grain,cup-dry,1.5,12 oz (~$3),365,,376,14,77,1,12
wide-rice-noodles,Wide Rice Noodles,grain,serving,0.5,14 oz pack (~$3),730,noodles; asian; gluten-free,190,3,44,0.5,1
wild-rice-blend,Wild rice blend,grain,cup,0.6,1 lb (~$5),365,,,,,,
wonton-wrappers,Wonton wrappers,grain,piece,0.06,12 oz pack ~60 wrappers (~$3.50),30,vegan,20,1,4,0,
yellow-split-peas,Yellow split peas,grain,cup-dry,1.09,1 lb (~$2.50),730,,678,48,121,2,50
ziti,Ziti,grain,serving,0.38,1 lb box (~$1.80),730,pasta; staple,200,7.5,42,1.2,2.5
abalone,Abalone,protein,oz,6,8 oz package,3,seafood; shellfish; delicacy,30,4.9,1.7,0.2,
almonds,Almonds,protein,1/4 cup,0.7,16 oz (~$9),365,,205,7.5,7.5,18,4.5
andouille-sausage,Andouille sausage,protein,link,1.5,"13 oz, 4-pack (~$6)",14,high-protein,200,13,2,16,
arctic-char,Arctic Char,protein,serving,7.5,"1 lb fillet (~$22.50, ~3 servings)",2,fish; oily-fish; omega-3; high-protein; fresh,154,20,0,7.8,0
baby-back-ribs,Baby Back Ribs,protein,oz,0.56,2.5 lb rack,4,pork; ribs; bbq; grilling; bone-in,80,5.5,0,6.3,0
bacon,Bacon,protein,slice,0.58,12 oz (~$7),14,,45,3,0,3.5,
baked-tofu,Baked tofu,protein,oz,0.43,8 oz pack (~$3.45),21,vegan; vegetarian; high-protein; gluten-free; dairy-free,45,5.2,1.2,2.5,0.5
basil-seeds,Basil Seeds,protein,tbsp,0.2,8 oz (227 g) bag,730,seeds; sabja; fiber; gelling,60,2,7,2.5,7
beef-brisket,Beef brisket,protein,serving,2.25,1 lb (~$9),3,,280,26,0,19,
beef-cheek,Beef Cheek,protein,oz,0.6,16 oz package,3,beef; braising; specialty-cut; barbacoa,55,5.6,0,3.5,
beef-chuck,Beef chuck,protein,serving,1.75,1 lb (~$7),3,,290,26,0,20,
chuck-roast,Beef Chuck Roast,protein,oz,0.44,3 lb roast,4,beef; braising; pot-roast; bone-in-option; sunday-dinner,71,6.6,0,4.9,0
beef-franks,Beef Franks,protein,serving,0.5,8-count pack,14,beef; hot-dog; frank; grilling; kid-friendly,150,5.4,2,13,0
beef-heart,Beef Heart,protein,oz,0.3,16 oz package,2,organ; offal; lean,31,5,0.3,1.1,
beef-kidney,Beef Kidney,protein,oz,0.3,16 oz package,2,organ; offal,28,4.9,0.1,0.8,
beef-liver,Beef Liver,protein,oz,0.35,16 oz package,2,organ; offal; nutrient-dense,39,5.8,1.1,1,
beef-shank,Beef Shank,protein,oz,0.45,1.5 lb cross-cut,4,beef; bone-in; braising; osso-buco; stock,47,7.7,0,1.6,0
beef-short-ribs,Beef short ribs,protein,serving,3.75,"2 lb (~$15, ~4 servings)",3,high-protein,290,24,0,21,
beef-sirloin,Beef sirloin,protein,serving,2.75,1 lb (~$11),3,,205,26,0,11,
beef-stew-meat,Beef stew meat,protein,oz,0.55,1 lb stew meat ~$8.80,4,high-protein; gluten-free,56,7,0,3,
beef-tongue,Beef Tongue,protein,oz,0.55,2 lb whole tongue,3,organ; offal; red-meat,63,4.5,1.1,4.6,
beef-tripe,Beef Tripe,protein,oz,0.3,16 oz package,2,organ; offal; menudo,24,3.4,0,1.1,
bison,Bison,protein,oz,1.1,16 oz steak,4,game; red-meat; lean,40,8,0,0.7,
black-soybeans,Black soybeans,protein,can,1.8,15 oz can (~$1.80),1095,vegan; vegetarian; high-protein; gluten-free; dairy-free; low-carb,120,11,8,6,7
bologna,Bologna,protein,slice,0.12,12 oz pack,14,deli; pork; beef; processed; sandwich; kid-friendly,87,3.3,0.8,7.8,0
branzino,Branzino,protein,serving,8.5,"1 whole fish ~1 lb (~$12.00, ~2 servings)",2,fish; white-fish; whole-fish; mediterranean; fresh,97,18,0,2,0
bratwurst,Bratwurst,protein,link,1.3,"19 oz, 5-pack (~$6.50)",7,high-protein,280,12,2,25,
brazil-nuts,Brazil Nuts,protein,oz,0.85,16 oz bag (~$13.50),270,nut; snack; selenium,187,4,3,19,2
breakfast-links,Breakfast Sausage Links,protein,serving,0.33,12 oz pack,7,pork; sausage; breakfast; links; pan-fry,140,6,1,12,0
breakfast-patties,Breakfast Sausage Patties,protein,serving,0.38,12 oz pack,7,pork; sausage; breakfast; patties; pan-fry,150,6,1,13,0
bresaola,Bresaola,protein,oz,3.2,3 oz sliced package,21,charcuterie; cured; beef; lean; italian,50,9,0.5,1.3,
calamari,Calamari,protein,serving,5,"1 lb cleaned tubes & tentacles (~$15.00, ~3 servings)",2,seafood; cephalopod; lean; high-protein,92,16,3,1.4,0
canadian-bacon,Canadian bacon,protein,slice,0.8,6 oz (~$5),14,,15,2,0,0.7,
candlenut,Candlenut,protein,oz,0.9,7 oz (200 g) bag,120,nuts; southeast-asian; thickener,176,3.5,4.5,17,1.5
capicola,Capicola,protein,slice,0.4,6 oz pack,21,deli; pork; cured; charcuterie; italian,18,2.4,0.1,0.9,0
casein-protein-powder,Casein protein powder,protein,scoop,1.4,2 lb tub (~$40),730,high-protein; vegetarian; gluten-free,120,24,4,1,1
cashews,Cashews,protein,1/4 cup,0.85,16 oz (~$11),365,,200,5.5,11,16,1
catfish-fillet,Catfish Fillet,protein,serving,3,"1 lb fillets (~$9.00, ~3 servings)",2,fish; white-fish; fresh; high-protein,119,17,0,5.5,0
char-siu,Char siu (BBQ pork),protein,serving,2.5,1 lb (~$10),3,,290,24,12,16,
chia-seeds,Chia seeds,protein,oz,0.4,12 oz bag ~$4.80,730,vegan; vegetarian; gluten-free; dairy-free; baking,138,4.7,12,8.7,10
chicken-breast,Chicken breast,protein,serving,1.4,1 lb (~$5.50),3,high-protein,180,35,0,4,
chicken-breast-tenders,Chicken Breast Tenders,protein,oz,0.34,1.5 lb pack,3,chicken; poultry; lean; quick; kid-friendly,31,6.6,0,0.4,0
chicken-drumsticks,Chicken drumsticks,protein,piece,0.85,Family pack 10 drumsticks ~$8.50,4,high-protein; gluten-free; cheap,120,14,0,7,
chicken-gizzards,Chicken Gizzards,protein,oz,0.2,16 oz package,2,organ; offal; poultry,44,8.4,0,1,
chicken-leg-quarters,Chicken Leg Quarters,protein,oz,0.13,4 lb pack,3,chicken; poultry; bone-in; budget; roasting,61,5.6,0,4.2,0
chicken-livers,Chicken Livers,protein,oz,0.22,1 lb tub,2,chicken; poultry; offal; pate; iron-rich,33,4.8,0.2,1.3,0
chicken-thighs,Chicken thighs,protein,serving,1.2,1.5 lb (~$6),3,high-protein,220,25,0,13,
chicken-wings,Chicken wings,protein,piece,0.35,3 lb pack ~$10 (~30 wings),4,high-protein; gluten-free,43,4,0,3,
chinese-sausage,Chinese sausage,protein,link,1,12 oz (~$7),21,,120,5,2,10,
chorizo,Chorizo sausage,protein,serving,1.25,12 oz package ~$5 (~4 servings),14,high-protein; gluten-free,350,19,2,29,
cockles,Cockles,protein,oz,0.9,16 oz package,2,seafood; shellfish; small,22,4.2,0.8,0.2,
cod,Cod fillet,protein,oz,0.9,1 lb frozen cod ~$14.40,180,high-protein; gluten-free,26,5.8,0,0.2,
cod-fillet,Cod fillet,protein,serving,2.67,1 lb (~$8),2,,105,23,0,1,
collagen-peptides,Collagen peptides,protein,scoop,0.95,16 oz tub (~$25),1095,high-protein; gluten-free; dairy-free; keto,70,18,0,0,0
conch,Conch,protein,oz,1.1,16 oz package,3,seafood; shellfish; caribbean,37,7.4,0.4,0.4,
deli-corned-beef,Corned Beef (Deli),protein,slice,0.48,8 oz pack,7,deli; beef; cured; sandwich; reuben,43,4.7,0.1,2.5,0
corned-beef,Corned Beef Brisket,protein,oz,0.56,3 lb point cut,21,beef; cured; brisket; st-patricks; braising,71,5.1,0.1,5.4,0
cornish-hen,Cornish Game Hen,protein,oz,0.31,1.5 lb bird,3,poultry; whole; roasting; individual; entertaining,63,5.5,0,4.5,0
country-style-ribs,Country-Style Pork Ribs,protein,oz,0.38,2 lb pack,4,pork; ribs; braising; bbq; meaty,61,6.5,0,3.8,0
crawfish,Crawfish,protein,serving,4,"3 lb live in shell (~$24.00, ~6 servings)",2,seafood; shellfish; cajun; high-protein,82,17,0,1.2,0
crayfish,Crayfish / crawfish,protein,serving,3.33,1 lb (~$10),2,,95,20,0,1.3,
cube-steak,Cube steak,protein,serving,1.75,1 lb (~$7),3,,210,28,0,10,
deli-turkey,Deli turkey,protein,serving,1.1,9 oz (~$5.50),7,high-protein,90,16,2,2,
denver-steak,Denver Steak,protein,oz,0.78,12 oz steak,4,beef; specialty-cut; chuck,66,6.5,0,4.3,
dover-sole,Dover Sole,protein,lb,18.99,1 lb,3,fish; flatfish; delicate; white-fish,91,19,0,1,
dried-anchovies,Dried anchovies,protein,oz,1.5,3 oz (~$4.50),180,,90,18,0,2,
dried-shrimp,Dried shrimp,protein,oz,1.25,3 oz (~$3.75),365,,85,18,0,1,
dried-soybeans,Dried soybeans,protein,oz,0.18,16 oz bag (~$2.90),730,vegan; vegetarian; high-protein; gluten-free; dairy-free; cheap,119,10.5,8.5,5.6,2.7
dry-roasted-peanuts,Dry Roasted Peanuts,protein,oz,0.3,16 oz jar (~$4.80),365,nut; snack; topping,166,7,6,14,2
duck-breast,Duck Breast,protein,oz,0.94,12 oz pack,4,duck; poultry; skin-on; seared; premium,56,5.3,0,3.8,0
duck-fat,Duck Fat,protein,tbsp,0.45,7 oz jar,180,fat; rendered; poultry; cooking,115,0,0,13,
dungeness-crab,Dungeness Crab,protein,serving,10,"1.5 lb whole cooked (~$15.00, ~1.5 servings)",2,seafood; shellfish; lean; high-protein,86,18,0,1,0
eel,Eel,protein,serving,9,"1 lb fillet (~$27.00, ~3 servings)",2,fish; oily-fish; japanese; unagi; high-protein,184,18,0,12,0
egg-white-protein-powder,Egg white protein powder,protein,scoop,1.3,2 lb tub (~$38),730,high-protein; vegetarian; gluten-free; dairy-free,110,25,1,0,0
eggs,Eggs,protein,egg,0.42,dozen (~$5),28,staple; cheap; high-protein,72,6.3,0.4,5,
egusi,Egusi (ground melon seeds),protein,1/4 cup,1,1 lb (~$8),180,,150,7,4,12,2
elk,Elk,protein,oz,1.5,16 oz package,4,game; red-meat; lean; wild,40,8.2,0,0.5,
escargot,Escargot,protein,oz,1.5,7 oz can,730,seafood; french; canned; delicacy; snails,25,4.5,0.6,0.4,
eye-of-round,Eye of Round Roast,protein,oz,0.47,3 lb roast,4,beef; lean; roast; budget; roast-beef,48,7.6,0,1.8,0
falafel-mix,Falafel mix,protein,oz,0.3,10 oz box (~$3),540,vegan; vegetarian; high-protein; dairy-free,92,5,15,1.5,4
fish-cake,Fish cake,protein,piece,1.25,7 oz (~$5),7,,30,3,4,0.5,
flank-steak,Flank steak,protein,oz,1,1.5 lb flank ~$24,4,high-protein; gluten-free,55,8,0,2.5,
flat-iron-steak,Flat Iron Steak,protein,oz,0.81,1 lb steak,4,beef; steak; grilling; tender,61,6.9,0,3.6,0
flaxseeds,Flaxseeds,protein,tbsp,0.08,1 lb (~$4),365,,55,1.9,3,4.3,2.8
flounder-fillet,Flounder Fillet,protein,serving,6,"1 lb fillet (~$18.00, ~3 servings)",2,fish; white-fish; lean; flatfish; fresh,86,18,0,1.2,0
foie-gras,Foie Gras,protein,oz,6.5,8 oz lobe,5,organ; delicacy; french; fatty,130,3.3,1.3,12.5,
fresh-clams,Fresh Clams,protein,serving,4.5,"2 lb in shell (~$13.50, ~3 servings)",2,seafood; shellfish; in-shell,74,13,2.6,1,0
chorizo-fresh,Fresh Mexican Chorizo,protein,lb,5.49,1 lb,7,mexican; sausage; pork; spicy; raw,455,24,2,39,
fresh-oysters,Fresh Oysters,protein,serving,6,"1 dozen in shell (~$18.00, ~3 servings)",3,seafood; shellfish; in-shell; raw,81,9,4.7,2.3,0
frog-legs,Frog Legs,protein,oz,1.4,16 oz package,2,seafood; specialty; lean,21,4.6,0,0.1,
gammon,Gammon Joint,protein,oz,0.4,2.5 lb joint,7,pork; cured; ham; british; roast,38,5.6,0,1.7,0
geoduck,Geoduck,protein,oz,2.5,16 oz package,2,seafood; shellfish; clam; delicacy,22,4.5,0.7,0.2,
goat-meat,Goat Meat,protein,oz,0.9,16 oz bone-in pieces,3,world; lean; red-meat; halal,31,6.1,0,0.6,
goose,Goose,protein,oz,0.75,10 lb whole goose,3,game; poultry; dark-meat,75,6.4,0,5.4,
green-jackfruit,Green jackfruit,protein,can,2.8,20 oz can in brine (~$2.80),1095,vegan; vegetarian; dairy-free; gluten-free,75,1.4,18,0.3,3
ground-beef,Ground beef,protein,serving,1.65,1 lb (~$6.50),3,high-protein,280,22,0,21,
ground-beef-80-20,Ground Beef (80/20),protein,oz,0.39,1 lb pack,3,beef; ground; burgers; fatty; weeknight,72,4.9,0,5.7,0
ground-bison,Ground Bison,protein,oz,0.94,16 oz package,3,game; ground; lean; red-meat,41,7.8,0,1,
ground-chicken,Ground chicken,protein,oz,0.45,1 lb pack ~$7,3,high-protein; gluten-free,40,5,0,2.3,
ground-flaxseed,Ground Flaxseed,protein,tbsp,0.12,16 oz bag (~$4.50),180,seed; omega-3; baking; vegan-egg,37,1,2,3,2
ground-lamb,Ground lamb,protein,serving,2.25,1 lb (~$9),3,high-protein,320,21,0,26,
ground-pork,Ground pork,protein,oz,0.4,1 lb pack ~$6.40,3,high-protein; gluten-free,75,5,0,6,
ground-turkey,Ground turkey,protein,serving,1.4,1 lb (~$5.50),3,high-protein,190,22,0,11,
ground-veal,Ground veal,protein,serving,2.5,1 lb (~$10),3,high-protein,205,24,0,11,
ground-venison,Ground Venison,protein,oz,1,16 oz package,3,game; ground; lean; red-meat,45,8.4,0,1,
grouper-fillet,Grouper Fillet,protein,serving,9.5,"1 lb fillet (~$28.50, ~3 servings)",2,fish; white-fish; lean; high-protein; fresh,92,19,0,1,0
guanciale,Guanciale,protein,oz,1.6,8 oz piece,60,charcuterie; cured; pork; italian,185,4,0,19,
haddock-fillet,Haddock Fillet,protein,serving,5.5,"1 lb fillet (~$16.50, ~3 servings)",2,fish; white-fish; lean; high-protein; fresh,90,20,0,0.6,0
halibut-fillet,Halibut Fillet,protein,serving,8.5,"1 lb fillet (~$25.50, ~3 servings)",2,fish; white-fish; lean; high-protein; fresh,110,22,0,2.3,0
ham-steak,Ham Steak,protein,oz,0.41,1 lb steak,7,pork; cured; ham; breakfast; pan-fry,36,5.5,0.4,1.4,0
hanger-steak,Hanger Steak,protein,oz,0.94,1 lb steak,4,beef; steak; grilling; butcher-cut,60,6.8,0,3.5,0
head-cheese,Head Cheese,protein,slice,0.28,8 oz pack,10,deli; pork; terrine; offal; traditional,43,3.8,0.1,3,0
hemp-hearts,Hemp Hearts,protein,tbsp,0.3,12 oz bag (~$10.00),365,seed; protein; omega-3,57,3,1,4,1
hemp-seeds,Hemp seeds,protein,oz,0.8,8 oz bag ~$6.40,365,vegan; vegetarian; high-protein; gluten-free; dairy-free,157,9,2.5,12,1.1
hot-dog,Hot dog,protein,dog,0.6,8 ct (~$4.50),14,,150,6,2,13,
imitation-crab,Imitation crab,protein,oz,0.3,8 oz pack ~$2.40,14,high-protein; cheap,27,2,4,0,
italian-sausage,Italian sausage,protein,serving,1.4,1 lb (~$5.50),7,,290,16,2,24,
jamon-iberico,Jamon Iberico,protein,oz,8.5,2 oz sliced package,30,charcuterie; cured; ham; spanish; delicacy,105,7.5,0,8.5,
jumbo-shrimp,Jumbo Shrimp,protein,serving,6,"1 lb 16/20 ct (~$18.00, ~3 servings)",2,seafood; shellfish; lean; high-protein,99,19,0.2,1.4,0
kielbasa,Kielbasa,protein,serving,1.25,14 oz (~$5),14,,300,13,3,26,
king-crab-legs,King Crab Legs,protein,serving,17,"1 lb legs (~$34.00, ~2 servings)",2,seafood; shellfish; lean; high-protein; premium,84,18,0,0.6,0
lamb-chops,Lamb chops,protein,piece,2.5,~$15/lb (3-4 chops/lb),4,high-protein,200,14,0,16,
lamb-neck,Lamb Neck,protein,oz,0.55,16 oz pieces,3,lamb; braising; specialty-cut; bone-in,68,4.8,0,5.4,
lamb-shank,Lamb Shank,protein,oz,0.69,1 lb shank,4,lamb; braising; bone-in; slow-cook; hearty,56,7.3,0,2.8,0
lamb-shoulder,Lamb shoulder,protein,serving,2.5,1 lb (~$10),3,,290,24,0,21,
langoustine,Langoustine,protein,oz,2.8,12 oz package,2,seafood; shellfish; crustacean; delicacy,26,5.5,0,0.3,
lap-yuk,Lap Yuk,protein,oz,1.3,12 oz package,60,charcuterie; cured; chinese; pork-belly; dried,175,6,2,16,
leg-of-lamb,Leg of Lamb,protein,oz,0.75,4 lb bone-in,4,lamb; roast; bone-in; easter; sunday-dinner,54,7.4,0,2.5,0
liverwurst,Liverwurst,protein,slice,0.2,8 oz pack,10,deli; pork; liver; spreadable; iron-rich,92,4,0.6,8.1,0
lobster-tail,Lobster Tail,protein,serving,11,"1 tail ~5 oz (~$11.00, 1 serving)",2,seafood; shellfish; lean; high-protein; premium,89,19,0,0.9,0
lomo,Lomo,protein,oz,3,3 oz sliced package,30,charcuterie; cured; pork-loin; spanish; lean,75,9,0,4,
lox,Lox,protein,serving,7,"4 oz pack (~$9.00, ~2 servings)",7,fish; cured; salmon; refrigerated,117,18,0,4.3,0
lump-crab-meat,Lump Crab Meat,protein,serving,10,"8 oz tub (~$20.00, ~2 servings)",4,seafood; shellfish; lean; high-protein; premium; refrigerated,83,18,0,0.7,0
lupini-beans,Lupini beans,protein,oz,0.4,14.1 oz jar (~$5.60),540,vegan; vegetarian; high-protein; gluten-free; dairy-free; low-carb,32,4.3,2.6,0.9,1.1
macadamia-nuts,Macadamia Nuts,protein,oz,1.5,8 oz bag (~$12.00),300,nut; snack; premium,204,2,4,21,2
mackerel-fillet,Mackerel Fillet,protein,serving,4.5,"1 lb fillet (~$13.50, ~3 servings)",2,fish; oily-fish; omega-3; high-protein; fresh,205,19,0,14,0
mahi-mahi,Mahi Mahi,protein,serving,6.5,"1 lb fillet (~$19.50, ~3 servings)",2,fish; white-fish; lean; high-protein; fresh,100,21,0,1,0
marcona-almonds,Marcona Almonds,protein,oz,1,8 oz (227 g) bag,270,nuts; spanish; roasted,170,5.5,5,15,3
marrow-bones,Marrow Bones,protein,oz,0.4,2 lb cross-cut bones,4,bones; broth; roasted; collagen,110,1,0,12,
merguez,Merguez sausage,protein,serving,2,1 lb (~$8),3,,280,15,1,24,
mortadella,Mortadella,protein,slice,0.3,8 oz pack,14,deli; pork; cured; italian; charcuterie,47,2.5,0.4,3.8,0
mussels,Mussels,protein,serving,1.67,1 lb (~$5),2,,146,20,6,3.8,
natto,Natto,protein,oz,0.55,3-pack 6.3 oz (~$3.50),21,vegan; vegetarian; high-protein; gluten-free; dairy-free; umami; fermented,60,5.2,3.9,3.1,1.5
nduja,Nduja,protein,oz,1.5,8 oz jar,45,charcuterie; cured; spreadable; spicy; calabrian,150,5,0,14,
octopus,Octopus,protein,serving,4,1 lb (~$12),2,,140,25,4,1.8,
ostrich,Ostrich,protein,oz,1.6,16 oz package,4,game; lean; red-meat; exotic,33,6.5,0,0.6,
oxtail,Oxtail,protein,serving,2.75,1 lb (~$11),3,,280,26,0,19,
pancetta,Pancetta,protein,oz,1.5,4 oz (~$6),14,,130,6,0,12,
pastrami,Pastrami,protein,slice,0.45,8 oz pack,7,deli; beef; cured; smoked; sandwich,41,6,0.4,1.6,0
pea-protein-powder,Pea protein powder,protein,scoop,1.2,2 lb tub (~$35),730,vegan; vegetarian; high-protein; gluten-free; dairy-free,120,24,2,2,1
peanut-butter,Peanut butter,protein,tbsp,0.12,16 oz jar (~$3.50),180,staple; high-protein,95,4,3.5,8,1
peanuts,Peanuts,protein,oz,0.2,16 oz roasted peanuts ~$3.20,365,cheap; vegan; vegetarian; high-protein; gluten-free; dairy-free,161,7.3,4.6,14,2.4
pecan-halves,Pecan Halves,protein,oz,0.95,16 oz bag (~$13.00),300,nut; baking; snack,196,3,4,20,3
pecans,Pecans,protein,oz,0.75,8 oz bag ~$6,365,vegan; vegetarian; gluten-free; dairy-free; baking,196,2.6,3.9,20,2.7
pepitas,Pepitas (pumpkin seeds),protein,tbsp,0.16,8 oz (~$5),180,,50,2.5,1,4,0.5
pepperoni,Pepperoni,protein,oz,0.85,6 oz (~$5),21,,140,6,0,13,
perilla-seeds,Perilla Seeds,protein,tbsp,0.25,7 oz (200 g) bag,365,seeds; korean; omega-3; toasted,50,1.5,2.5,4,1
picanha,Picanha,protein,oz,0.85,2.5 lb top sirloin cap,4,beef; specialty-cut; brazilian; churrasco,68,6.8,0,4.5,
pili-nuts,Pili Nuts,protein,oz,1.4,5 oz (142 g) bag,180,nuts; filipino; buttery,204,3.1,4,22.6,2
pine-nuts,Pine nuts,protein,oz,2.5,4 oz bag ~$10,365,vegan; vegetarian; gluten-free; dairy-free,190,4,4,19,1
pistachios,Pistachios,protein,oz,0.7,16 oz shelled ~$11.20,365,vegan; vegetarian; high-protein; gluten-free; dairy-free,159,6,8,13,3
plant-based-bacon,Plant-based bacon,protein,oz,0.65,5.5 oz pack (~$3.60),21,vegan; vegetarian; dairy-free,60,2,3,4.5,1
plant-based-patty,Plant-based burger patty,protein,serving,2.25,2-pack 8 oz (~$4.50),21,vegan; vegetarian; high-protein; gluten-free; dairy-free,230,20,7,14,2
plant-based-chicken,Plant-based chicken strips,protein,oz,0.55,8 oz pack (~$4.40),21,vegan; vegetarian; high-protein; dairy-free,40,5,1.5,1.5,0.6
plant-based-deli-slices,Plant-based deli slices,protein,oz,0.7,5.5 oz pack (~$3.85),21,vegan; vegetarian; high-protein; dairy-free,40,5,2,1,0.5
plant-based-ground,Plant-based ground (Beyond/Impossible),protein,oz,0.45,12 oz pack ~$5.40,14,vegan; vegetarian; high-protein; gluten-free; dairy-free,,,,,
plant-based-sausage,Plant-based sausage,protein,serving,1.5,14 oz pack of 4 (~$6),21,vegan; vegetarian; high-protein; dairy-free,190,16,5,12,2
pollock-fillet,Pollock Fillet,protein,serving,3,"1 lb fillet (~$9.00, ~3 servings)",2,fish; white-fish; lean; high-protein; budget,92,20,0,1,0
pork-belly,Pork belly,protein,serving,2,1 lb (~$8),3,,585,10,0,60,
pork-chop,Pork chop,protein,piece,1.75,Family pack 4 bone-in chops ~$7,4,high-protein; gluten-free,210,26,0,11,
pork-cutlet,Pork Cutlet,protein,oz,0.36,1 lb pack,4,pork; cutlet; schnitzel; pan-fry; thin,42,7.4,0,1.3,0
pork-jowl,Pork Jowl,protein,oz,0.45,16 oz package,4,pork; specialty-cut; fatty,190,3,0,20,
pork-loin-roast,Pork Loin Roast,protein,oz,0.31,3 lb roast,4,pork; roast; lean; sunday-dinner,42,7.5,0,1.2,0
pork-ribs,Pork ribs,protein,serving,2.25,rack ~2.5 lb (~$10),4,high-protein,290,22,0,22,
sausage,Pork sausage,protein,serving,1.4,1 lb (~$5.50),7,,290,14,1,25,
pork-shoulder,Pork shoulder,protein,oz,0.25,4 lb bone-in shoulder ~$16,4,high-protein; gluten-free; cheap,80,6,0,6,
spare-ribs,Pork Spare Ribs,protein,oz,0.44,3 lb rack,4,pork; ribs; bbq; smoking; bone-in,83,5.3,0,6.7,0
pork-tenderloin,Pork tenderloin,protein,oz,0.55,1.25 lb tenderloin ~$11,4,high-protein; gluten-free,40,7,0,1.2,
prawns,Prawns,protein,serving,5,"1 lb raw (~$15.00, ~3 servings)",2,seafood; shellfish; lean; high-protein,99,19,0.2,1.7,0
prosciutto,Prosciutto,protein,oz,1.5,4 oz pack ~$6,21,high-protein; gluten-free; umami,70,8,0,4,
protein-powder,Protein powder,protein,scoop,1.35,2 lb tub (~$40),730,high-protein,120,24,3,1.5,
pumpkin-seeds,Pumpkin seeds (pepitas),protein,oz,0.5,8 oz bag ~$4,365,vegan; vegetarian; high-protein; gluten-free; dairy-free,151,8.5,5,13,1.7
quail,Quail,protein,piece,3.75,4 oz semi-boneless bird,3,game; poultry; small-bird,227,23.5,0,14,
rabbit,Rabbit,protein,oz,0.85,2.5 lb whole rabbit,3,game; lean; white-meat,49,9.2,0,1.1,
rack-of-lamb,Rack of Lamb,protein,oz,1.69,1.5 lb rack,4,lamb; roast; premium; frenched; entertaining,67,6.4,0,4.4,0
razor-clams,Razor Clams,protein,oz,1.3,16 oz package,2,seafood; shellfish; clam,21,3.6,0.7,0.3,
red-snapper,Red Snapper,protein,serving,7,"1 lb fillet (~$21.00, ~3 servings)",2,fish; white-fish; lean; high-protein; fresh,110,23,0,1.5,0
ribeye,Ribeye steak,protein,serving,5,12 oz (~$15),3,,340,28,0,25,
deli-roast-beef,Roast Beef (Deli),protein,slice,0.5,8 oz pack,7,deli; beef; sandwich; lean; lunch,30,5.5,0.3,0.7,0
roasted-almonds,Roasted Almonds,protein,oz,0.6,16 oz bag (~$9.50),365,nut; snack; protein,170,6,6,15,3
roasted-peanuts,Roasted Peanuts,protein,oz,0.3,16 oz jar (~$4.50),365,nut; snack; budget,166,7,6,14,2
rotisserie-chicken,Rotisserie chicken,protein,serving,0.6,Whole rotisserie chicken ~$6 (~10 servings),4,high-protein; gluten-free; cheap,230,28,1,13,
sacha-inchi-seeds,Sacha Inchi Seeds,protein,oz,0.95,6 oz (170 g) bag,180,seeds; peruvian; omega-3; plant-protein,170,8,7,12,5
salami,Salami,protein,slice,0.22,8 oz pack,21,deli; pork; cured; charcuterie; sandwich,34,1.9,0.2,2.8,0
salmon,Salmon fillet,protein,serving,4,1 lb (~$12),2,high-protein,230,25,0,14,
salmon-roe,Salmon Roe,protein,oz,6,2 oz jar (~$12.00),14,seafood; roe; ikura; japanese; premium; refrigerated,74,8,1,4,0
salt-cod,Salt cod,protein,serving,3.5,1 lb (~$14),180,,160,35,0,1.3,
scallops,Scallops,protein,oz,1.75,8 oz frozen sea scallops ~$14,180,high-protein; gluten-free,110,20,3,0.9,
scallops,Scallops,protein,serving,4,1 lb (~$16),2,,110,20,3,0.9,
sea-bass,Sea Bass,protein,serving,9,"1 lb fillet (~$27.00, ~3 servings)",2,fish; white-fish; fresh; high-protein,124,23,0,2.6,0
sea-scallops,Sea Scallops,protein,oz,1.6,16 oz package,2,seafood; shellfish; mollusk,20,3.8,0.9,0.2,
seitan,Seitan,protein,oz,0.55,8 oz pack (~$4.40),14,vegan; vegetarian; high-protein; dairy-free,104,21,4,0.5,0.6
edamame-shelled,Shelled edamame,protein,cup,0.95,12 oz frozen bag (~$2.80),365,vegan; vegetarian; high-protein; gluten-free; dairy-free; frozen,188,18.5,13.8,8,8
shelled-pumpkin-seeds,Shelled Pumpkin Seeds (Pepitas),protein,oz,0.65,12 oz bag (~$8.00),270,seed; snack; salad-topping,151,7,5,13,2
silken-tofu,Silken tofu,protein,pack,2.5,12 oz aseptic pack ~$2.50,365,vegan; vegetarian; high-protein; gluten-free; dairy-free,,,,,
sirloin-steak,Sirloin steak,protein,oz,0.85,1 lb sirloin ~$13.60,4,high-protein; gluten-free,51,7,0,2.5,
skate-wing,Skate Wing,protein,oz,1.2,12 oz wing,2,seafood; white-fish; specialty,26,5.7,0,0.4,
skirt-steak,Skirt steak,protein,serving,2.25,1 lb (~$9),3,,290,26,0,20,
sliced-almonds,Sliced Almonds,protein,oz,0.7,8 oz bag (~$5.50),270,nut; baking; garnish,170,6,6,15,3
ham,Sliced ham,protein,slice,0.45,9 oz deli ham ~$5.40 (~12 slices),7,high-protein; gluten-free,30,5,0.5,1,
slivered-almonds,Slivered almonds,protein,1/4 cup,0.7,6 oz (~$5),180,,210,8,7,18,4
smoked-haddock,Smoked haddock,protein,serving,3,1 lb (~$9),7,,120,26,0,1,
smoked-mackerel,Smoked Mackerel,protein,serving,5,"8 oz fillet (~$10.00, ~2 servings)",14,fish; smoked; oily-fish; omega-3; refrigerated,219,19,0,16,0
smoked-pork-belly,Smoked pork belly,protein,serving,2.5,1 lb (~$10),7,,480,9,0,50,
smoked-salmon,Smoked salmon,protein,oz,2,4 oz pack ~$8,14,high-protein; gluten-free; umami,33,5,0,1.2,
smoked-sausage,Smoked sausage,protein,serving,1.25,14 oz (~$5),14,,340,14,3,30,
smoked-tofu,Smoked tofu,protein,oz,0.45,8 oz pack (~$3.60),21,vegan; vegetarian; high-protein; gluten-free; dairy-free; umami,42,4.8,1,2.4,0.4
smoked-trout,Smoked Trout,protein,serving,6,"8 oz pack (~$12.00, ~2 servings)",14,fish; smoked; oily-fish; omega-3; refrigerated,168,24,0,7.5,0
smoked-turkey-leg,Smoked Turkey Leg,protein,oz,0.31,1.25 lb leg,7,turkey; poultry; smoked; precooked; fair-food,47,6.5,0,2.3,0
snow-crab-legs,Snow Crab Legs,protein,serving,9,"1 lb cluster (~$18.00, ~2 servings)",2,seafood; shellfish; lean; high-protein; premium,90,18,0,1.2,0
soft-shell-crab,Soft Shell Crab,protein,serving,7,"1 crab (~$7.00, 1 serving)",2,seafood; shellfish; whole; high-protein,90,18,0,1.5,0
soft-tofu,Soft tofu,protein,oz,0.16,14 oz tub (~$2.30),21,vegan; vegetarian; high-protein; gluten-free; dairy-free; cheap,17,1.9,0.4,1,0.1
sole-fillet,Sole Fillet,protein,serving,6.5,"1 lb fillet (~$19.50, ~3 servings)",2,fish; white-fish; lean; flatfish; fresh,91,18,0,1.5,0
soppressata,Soppressata,protein,oz,1.9,6 oz sliced package,30,charcuterie; cured; salami; italian,120,7,0.5,10,
soy-chorizo,Soy chorizo,protein,oz,0.35,12 oz pack (~$4.20),30,vegan; vegetarian; high-protein; dairy-free; spicy,70,5,3,4,2
soy-curls,Soy curls,protein,oz,0.5,8 oz bag (~$4),365,vegan; vegetarian; high-protein; dairy-free,120,11,9,4,7
soy-protein-powder,Soy protein powder,protein,scoop,0.85,2 lb tub (~$25),730,vegan; vegetarian; high-protein; gluten-free; dairy-free,110,25,1,0.5,0
spam,Spam (canned cooked pork),protein,oz,0.3,12 oz can (~$3.50),1095,staple,79,4.8,1.5,6,
speck,Speck,protein,oz,2.6,4 oz sliced package,30,charcuterie; cured; smoked; pork; italian,95,8,0,7,
sunflower-seeds,Sunflower seeds,protein,oz,0.25,16 oz bag ~$4,365,cheap; vegan; vegetarian; gluten-free; dairy-free,165,5.5,6,14,2.4
surimi,Surimi,protein,serving,2.5,"1 lb pack (~$7.50, ~3 servings)",14,seafood; processed; refrigerated; budget,99,15,9,0.9,0
sweetbreads,Sweetbreads,protein,oz,1.4,12 oz package,2,organ; offal; delicacy,92,6.5,0,7.1,
swordfish-steak,Swordfish Steak,protein,serving,8,"1 lb steak (~$24.00, ~3 servings)",2,fish; steak-fish; high-protein; fresh,144,23,0,5,0
tempeh,Tempeh,protein,serving,1.35,8 oz (~$4),14,vegan; high-protein,200,19,8,11,5
tvp,Textured vegetable protein (TVP),protein,oz,0.31,10 oz bag (~$3.10),365,vegan; vegetarian; high-protein; dairy-free; cheap,93,14.5,9,0.4,5
tiger-nuts,Tiger Nuts,protein,oz,0.65,5 oz (142 g) bag,365,seeds; tuber; prebiotic; gluten-free,120,1.7,19,7,10
tilapia,Tilapia fillet,protein,oz,0.5,1 lb frozen tilapia ~$8,180,high-protein; gluten-free; cheap,36,7.4,0,0.7,
tobiko,Tobiko,protein,oz,4,8 oz tub (~$32.00),30,seafood; roe; flying-fish; japanese; frozen,40,6,1,1.5,0
tofu,Tofu,protein,serving,0.92,14 oz (~$2.75),7,vegan; high-protein,130,14,3,7,1
tofu-puffs,Tofu puffs,protein,piece,0.2,10 oz (~$4),14,vegan,35,2.5,1,2.7,0.2
tofu-skin,Tofu skin (yuba),protein,oz,0.75,8 oz dried (~$6),180,vegan; vegetarian; high-protein; dairy-free; umami,133,13.5,3.5,7.5,0.6
top-round,Top Round,protein,oz,0.5,2 lb roast,4,beef; lean; roast; london-broil; budget,50,7.5,0,2,0
tri-tip,Tri-Tip Roast,protein,oz,0.69,2 lb roast,4,beef; roast; grilling; santa-maria; lean,58,7.1,0,3.1,0
tuna-steak,Tuna Steak,protein,serving,8,"1 lb ahi steak (~$24.00, ~3 servings)",2,fish; steak-fish; lean; high-protein; fresh; sushi-grade,109,24,0,1,0
turbot,Turbot,protein,oz,2.5,8 oz fillet,2,seafood; white-fish; flatfish; delicacy,27,4.6,0,0.9,
turkey-bacon,Turkey bacon,protein,slice,0.45,12 oz (~$5),14,,30,2,0.3,2.3,
turkey-breast,Turkey breast,protein,serving,1.5,1 lb (~$6),3,,150,33,0,1.7,
turkey-breast-cutlet,Turkey Breast Cutlet,protein,oz,0.41,1 lb pack,3,turkey; poultry; lean; cutlet; quick,31,6.9,0,0.2,0
turkey-franks,Turkey Franks,protein,serving,0.28,8-count pack,14,turkey; hot-dog; frank; lean; kid-friendly,100,6,2,8,0
unagi,Unagi,protein,oz,2.2,7 oz glazed fillet,5,seafood; japanese; grilled; prepared,65,5.5,3.5,3.4,
uni,Uni,protein,oz,7,3.5 oz tray,3,seafood; japanese; delicacy; roe; sea-urchin,34,3.5,2.5,1.3,
veal-cutlet,Veal Cutlet,protein,oz,1.13,1 lb pack,3,veal; cutlet; schnitzel; scaloppine; pan-fry,43,7.3,0,1.4,0
vegan-egg-replacer,Vegan egg replacer (powder),protein,tbsp,0.55,16 oz box (~$10),540,vegan; vegetarian; dairy-free; baking,15,0,4,0,0
venison,Venison,protein,oz,1.25,16 oz package,4,game; red-meat; lean; wild,45,8.5,0,0.9,
vital-wheat-gluten,Vital wheat gluten,protein,oz,0.3,22 oz bag (~$6.60),730,vegan; vegetarian; high-protein; dairy-free; baking,104,23,4,0.5,0.2
walnuts,Walnuts,protein,1/4 cup,0.75,16 oz (~$10),365,,195,4.5,4,19.5,2
watermelon-seeds,Watermelon Seeds,protein,oz,0.55,8 oz (227 g) bag,270,seeds; roasted; snack; plant-protein,158,8,4.3,13.5,0.8
whelk,Whelk,protein,oz,1,16 oz package,2,seafood; shellfish; sea-snail,38,6.6,2.2,0.1,
whey-protein-powder,Whey protein powder,protein,scoop,1.1,2 lb tub (~$32),730,high-protein; vegetarian; gluten-free,120,24,3,1.5,0
whole-chicken,Whole chicken,protein,serving,1.3,"5 lb bird (~$8.50, ~6 servings)",3,high-protein,240,27,0,14,
whole-lobster,Whole Lobster,protein,serving,16,"1.25 lb live (~$16.00, ~1 serving)",1,seafood; shellfish; lean; high-protein; premium; live,89,19,0,0.9,0
whole-turkey,Whole Turkey,protein,oz,0.12,14 lb bird,2,turkey; poultry; whole; thanksgiving; roasting,43,6,0,2,0
wild-boar,Wild Boar,protein,oz,1.3,16 oz package,4,game; red-meat; wild,40,8,0,0.9,
almond-paste,Almond Paste,snack,oz,0.85,8 oz (~$7.00),365,baking; almond; filling,130,3,14,7,2
applesauce-cup,Applesauce cup,snack,cup,0.7,6-pack 4 oz cups (~$4.19),365,vegan; vegetarian; gluten-free,,,,,
beef-jerky,Beef jerky,snack,oz,2.5,3.25 oz bag (~$8.49),365,high-protein; gluten-free,116,9.4,3.1,7.3,0.5
baking-chocolate,Bittersweet Baking Chocolate,snack,oz,0.65,4 oz bar (~$2.80),545,baking; chocolate; bittersweet,150,2,13,11,2
butterscotch-chips,Butterscotch Chips,snack,oz,0.45,11 oz bag (~$4.50),365,baking; chips; butterscotch,160,1,19,8,0
cacao-nibs,Cacao Nibs,snack,oz,0.95,8 oz (~$7.50),545,baking; chocolate; unsweetened,175,3,10,13,9
cacao-paste,Cacao Paste,snack,oz,1,1 lb block,730,chocolate; unsweetened; cacao-mass; baking,170,4,9,14,5
candy-melts,Candy Melts,snack,oz,0.5,12 oz bag (~$6.00),365,baking; decoration; coating,150,1,18,9,0
chocolate-chunks,Chocolate Chunks,snack,oz,0.48,10 oz bag (~$4.80),365,baking; chocolate; semisweet,140,1,18,8,2
chocolate-feves,Chocolate Feves,snack,oz,0.88,2.2 lb bag,540,chocolate; melting; baking; disc,160,1.8,13,11,3
clif-bar,Clif bar,snack,bar,1.5,12-pack (~$17.99),365,vegan; vegetarian,,,,,
coconut-flakes,Coconut flakes,snack,1/4 cup,0.25,7 oz (~$4),365,vegan,140,1,5,13,4
cold-brew-coffee,Cold brew coffee,snack,cup,1.25,32 oz bottle (~$5.99),21,vegan; gluten-free,5,0.3,0,0,
corn-tortilla-chips,Corn tortilla chips,snack,serving,0.35,10 oz (~$3.50),60,,140,2,19,7,1.5
crackers,Crackers,snack,serving,0.35,13 oz (~$4),90,,130,2,22,4,
chocolate,Dark chocolate,snack,oz,0.85,3 oz bar (~$2.50),365,,170,2,13,12,3
dark-chocolate,Dark chocolate,snack,oz,0.85,3 oz bar (~$2.50),365,,170,2.2,13,12,3.1
couverture-dark-chocolate,Dark Chocolate Couverture,snack,oz,0.95,2.2 lb bag,540,chocolate; tempering; high-cocoa-butter; baking,160,1.8,12,12,3
edible-glitter,Edible Glitter,snack,tsp,0.4,0.15 oz jar,1095,decoration; baking; luster,2,0,0.5,0,
fig-bars,Fig bars,snack,bar,0.75,12-pack (~$8.99),180,vegetarian,,,,,
gianduja,Gianduja,snack,oz,1.05,1 lb bar,365,chocolate; hazelnut; italian; baking,175,2.5,15,12,1.5
gingersnap-cookies,Gingersnap cookies,snack,cookie,0.25,16 oz (~$4),180,,30,0.4,5.4,0.7,0.1
graham-crackers,Graham crackers,snack,serving,0.3,14.4 oz box (~$3.99),240,vegetarian; baking; cheap,130,2,24,3,1
granola-bar,Granola bar,snack,bar,0.75,8 ct (~$6),180,,190,5,28,7,3
hot-chocolate-mix,Hot chocolate mix,snack,pack,0.4,10-packet box (~$3.99),365,vegetarian; cheap,,,,,
instant-coffee,Instant coffee,snack,tsp,0.1,8 oz jar (~$9.99),730,staple; vegan; gluten-free,2,0.1,0.4,0,
kind-bar,KIND bar,snack,bar,1.75,12-pack (~$20.99),365,gluten-free; vegetarian,,,,,
lotus-root-chips,Lotus Root Chips,snack,oz,0.8,3 oz (85 g) bag,180,snack; asian; vegetable-chip; crunchy,140,1.5,19,7,2.5
matcha-powder,Matcha powder,snack,tsp,0.85,1 oz tin (~$14.99),365,vegan; gluten-free,6,0.5,1,0.1,0.6
microwave-popcorn,Microwave popcorn,snack,bag,0.85,6-pack (~$5.00),270,cheap; vegetarian; gluten-free,,,,,
milk-chocolate,Milk Chocolate,snack,oz,0.55,4 oz bar (~$2.50),365,baking; chocolate; bar,150,2,17,9,1
milk-chocolate-chips,Milk Chocolate Chips,snack,oz,0.42,11.5 oz bag (~$4.50),365,baking; chocolate; chips,150,2,18,8,1
couverture-milk-chocolate,Milk Chocolate Couverture,snack,oz,0.9,2.2 lb bag,540,chocolate; tempering; high-cocoa-butter; baking,155,2.2,17,9,1
mini-chocolate-chips,Mini Chocolate Chips,snack,oz,0.42,10 oz bag (~$4.20),365,baking; chocolate; chips,140,1,19,8,2
mixed-nuts,Mixed nuts,snack,serving,1.25,16 oz jar (~$8.99),270,vegetarian; high-protein; gluten-free,,,,,
mochi-snacks,Mochi Snacks,snack,piece,0.45,7 oz (210 g) box (~9 pieces),120,snack; japanese; rice; chewy; sweet,70,0.8,15,1,0.3
muesli,Muesli,snack,cup,0.85,32 oz bag (~$7.00),270,breakfast; cereal; whole-grain,290,8,50,7,6
nonpareils,Nonpareils,snack,tbsp,0.12,3.8 oz jar,730,decoration; sprinkles; baking,60,0,15,0,
nori,Nori sheets,snack,sheet,0.4,10-pack (~$4),365,umami; gluten-free,10,1,1,0,1
oreos,Oreo cookies,snack,serving,0.45,14.3 oz pack (~$4.49),240,vegetarian; baking,160,1,25,7,1
papadum,Papadum,snack,piece,0.3,7 oz (200 g) pack (~14 wafers),365,snack; indian; lentil-cracker; crispy,40,2,6,0.6,1.5
pita-chips,Pita chips,snack,serving,0.65,8 oz bag (~$4.49),120,vegetarian; vegan,,,,,
plantain-chips,Plantain Chips,snack,oz,0.45,4.5 oz (128 g) bag,180,snack; fried; latin; crunchy,150,1,18,9,2
popcorn-kernels,Popcorn kernels,snack,1/4 cup,0.2,2 lb (~$4),730,,170,5,33,2,7
popcorn-popped,Popped Popcorn,snack,cup,0.2,7 oz bag (~$3.00),120,popcorn; snack; whole-grain,40,1,5,2,1
chips,Potato chips,snack,serving,0.5,10 oz (~$5),60,,160,2,15,10,1
prawn-crackers,Prawn Crackers,snack,oz,0.5,3.5 oz (100 g) bag,270,snack; southeast-asian; fried; crispy,150,1.5,17,8.5,0.3
popcorn-bagged,Pre-popped popcorn,snack,serving,0.55,6 oz bag (~$3.99),90,vegetarian; vegan; gluten-free,,,,,
pretzel-sticks,Pretzel Sticks,snack,oz,0.22,16 oz bag (~$3.50),270,pretzel; snack,110,3,23,1,1
pretzels,Pretzels,snack,serving,0.25,16 oz bag (~$3.50),180,cheap; vegan; vegetarian,110,3,23,1,1
protein-bar,Protein bar,snack,bar,2,12-pack (~$23.99),270,high-protein; vegetarian,,,,,
sprinkles,Rainbow Sprinkles,snack,tbsp,0.18,3.5 oz (~$3.00),730,baking; decoration,60,0,12,1,0
rice-cakes,Rice cakes,snack,cake,0.25,12 ct (~$3),90,gluten-free,35,1,7,0,
rice-crackers,Rice crackers,snack,serving,0.25,10 oz (~$3),90,gluten-free,120,2,26,0.5,0.5
seaweed-snacks,Roasted Seaweed Snacks,snack,pack,0.6,0.17 oz (5 g) single-serve pack,365,snack; korean; low-calorie; savory,13,1,1,0.8,0.5
fondant,Rolled Fondant,snack,oz,0.55,24 oz (~$13.00),365,baking; decoration; fondant,100,0,25,0,0
ruby-chocolate,Ruby Chocolate,snack,oz,1.1,1.5 lb bag,540,chocolate; specialty; pink; baking,160,2,17,10,0.5
rxbar,RXBAR,snack,bar,2.5,12-pack (~$29.99),270,high-protein; gluten-free,,,,,
saltines,Saltine crackers,snack,serving,0.2,16 oz box (~$3.29),240,cheap; vegetarian; vegan; staple,70,1.5,12,1.5,0.5
sparkling-water,Sparkling water (La Croix),snack,can,0.55,8-pack 12 oz cans (~$4.49),365,cheap; vegan; gluten-free,,,,,
sports-drink,Sports drink (Gatorade),snack,serving,1.25,8-pack 20 oz bottles (~$9.99),365,gluten-free,,,,,
stuffed-dates,Stuffed Dates,snack,piece,0.55,8 oz (227 g) box (~12 pieces),180,snack; middle-eastern; sweet; nut-filled,90,1.5,15,3,1.8
sweetened-shredded-coconut,Sweetened Shredded Coconut,snack,oz,0.42,14 oz bag (~$5.50),270,baking; coconut; sweetened,130,1,13,9,3
tea-bags,Tea bags,snack,bag,0.15,100-count box (~$5.99),730,staple; cheap; vegan; gluten-free,2,0,0.4,0,
toffee-bits,Toffee Bits,snack,oz,0.55,8 oz bag (~$4.50),365,baking; decoration; toffee,160,0,16,10,0
tortilla-chips-2,Tortilla chips (small bag),snack,serving,0.4,9 oz (~$3.50),60,,140,2,19,7,1
trail-mix,Trail mix,snack,serving,1.1,16 oz bag (~$7.99),180,vegetarian; high-protein,,,,,
water-crackers,Water Crackers,snack,oz,0.5,4.4 oz box (~$2.20),270,cracker; cheese-board,110,3,22,1,1
white-chocolate,White Chocolate,snack,oz,0.55,4 oz bar (~$2.50),365,baking; chocolate; bar,160,2,17,9,0
couverture-white-chocolate,White Chocolate Couverture,snack,oz,0.92,2.2 lb bag,540,chocolate; tempering; high-cocoa-butter; baking,165,1.8,18,10,
achiote-powder,Achiote Powder,spice,tsp,0.08,3 oz jar,730,annatto; latin; coloring,6,0.2,1.2,0.2,0.6
active-dry-yeast,Active dry yeast,spice,packet,0.5,3-pack (~$2),730,,21,3,3,0.3,1.5
adobo-seasoning,Adobo seasoning,spice,tsp,0.04,5 oz jar (~$3.00),730,cheap; vegan; gluten-free; dairy-free,5,0,1,0,
adobo-con-pimienta,Adobo With Pepper,spice,tsp,0.03,16.5 oz (~$3.50),1095,blend; latin; all-purpose,2,0.1,0.4,0,0.1
advieh,Advieh,spice,tsp,0.16,2 oz jar,540,persian; blend; aromatic,7,0.3,1.3,0.2,0.6
agar-agar,Agar Agar Powder,spice,tsp,0.3,2 oz jar,1095,gelling-agent; vegan; setting; baking-aid,3,0,0.8,0,0.2
ajwain,Ajwain Seeds,spice,tsp,0.04,3.5 oz carom (~$4.00),1460,seed; indian; whole,7,0.3,1,0.4,0.5
aleppo-pepper,Aleppo Pepper,spice,tsp,0.07,2 oz flakes (~$7.00),1095,chili; flakes; mild,6,0.2,1.1,0.2,0.6
allspice,Allspice,spice,tsp,0.58,1 oz (~$3.50),730,,5,0,1.5,0,
allulose,Allulose,spice,tbsp,0.18,12 oz bag (~$9.00),730,baking,,,,,
almond-extract,Almond extract,spice,tsp,0.3,2 oz bottle (~$6.00),1095,vegan; gluten-free; dairy-free; baking,12,0,0.5,0,
amchur,Amchur (Dried Mango Powder),spice,oz,2.29,3 oz,730,indian; souring-agent; tangy; powder,325,2,80,1,2
amchur-powder,Amchur (dry mango powder),spice,tsp,0.3,2 oz (~$4),730,,7,0.2,1.6,0.1,0.3
anardana,Anardana,spice,tsp,0.1,3.5 oz pack,540,dried-pomegranate; tangy; indian,9,0.2,2.2,0.1,0.5
ancho-chili-powder,Ancho chili powder,spice,tsp,0.1,2 oz jar (~$4.50),1095,vegan; gluten-free; dairy-free,7,0.3,1.2,0.3,0.7
anise-seed,Anise Seed,spice,tsp,0.05,1.7 oz whole (~$5.00),1460,seed; whole; baking,7,0.4,1.1,0.3,0.3
annatto,Annatto (achiote) seeds,spice,tsp,0.06,2.5 oz bag (~$3),730,aromatic; vegan,4,0,1,0,0.5
annatto-powder,Annatto powder,spice,tsp,0.5,1 oz (~$3),730,,6,0.2,1.2,0.2,0.5
apple-pie-spice,Apple Pie Spice,spice,tsp,0.06,1.7 oz (~$4.00),1095,blend; baking; fall,6,0.1,1.5,0.1,0.9
asafoetida,Asafoetida,spice,tsp,0.08,3.5 oz hing (~$6.00),1095,ground; indian; aromatic,6,0.1,1.3,0,0.1
avocado-leaf,Avocado Leaf,spice,tsp,0.1,0.5 oz pack,365,mexican; dried-herb; anise,2,0.1,0.4,0.05,0.3
baharat,Baharat,spice,tsp,0.07,2 oz (~$6.00),1095,blend; middle-eastern,7,0.3,1.3,0.3,0.6
bakers-ammonia,Baker's Ammonia,spice,tsp,0.12,3 oz jar,1095,leavening; baking-aid; ammonium-carbonate,0,0,0,0,
baking-powder,Baking powder,spice,tsp,0.05,10 oz (~$3),365,,2,0,0.6,0,
baking-soda,Baking soda,spice,tsp,0.01,1 lb (~$1),730,,0,0,0,0,
bay-leaf,Bay leaves,spice,leaf,0.1,0.25 oz (~$3),730,,2,0,0.5,0,
bay-leaves,Bay leaves,spice,leaf,0.1,0.25 oz (~$3),730,,2,0,0.5,0,
bbq-rub,BBQ Dry Rub,spice,tsp,0.04,5 oz (~$6.00),1095,blend; grilling; bbq,7,0.1,1.6,0.1,0.3
berbere,Berbere spice blend,spice,tsp,0.18,2 oz jar (~$7.00),730,vegan; gluten-free; dairy-free,8,0.4,1.4,0.4,0.7
berbere-spice,Berbere spice blend,spice,tsp,0.33,2 oz (~$4),730,,8,0.4,1.4,0.4,0.7
black-lime,Black Lime,spice,piece,0.35,6 limes pack,730,loomi; persian; souring-agent,10,0.3,2.8,0.1,1
pepper,Black pepper,spice,tsp,0.19,3 oz (~$3.50),730,staple,6,0,1.5,0,
black-pepper,Black pepper,spice,tsp,0.19,3 oz (~$3.50),730,,6,0,1.5,0,0.5
black-sesame,Black sesame seeds,spice,tsp,0.25,3 oz (~$4.50),365,,18,0.6,0.7,1.5,
blackening-seasoning,Blackening Seasoning,spice,tsp,0.05,3 oz (~$5.00),1095,blend; cajun; grilling,5,0.2,0.9,0.2,0.4
bonito-flakes,Bonito flakes,spice,tbsp,0.4,1 oz bag (~$6.00),365,gluten-free; dairy-free; umami,11,2.4,0,0.1,
brown-sugar,Brown sugar,spice,tbsp,0.04,2 lb (~$3.50),730,,50,0,13,0,
bumbu-base,Bumbu Spice Base,spice,tsp,0.12,3 oz jar,365,indonesian; blend; aromatic,8,0.3,1.4,0.3,0.5
cajun-seasoning,Cajun seasoning,spice,tsp,0.39,1.7 oz (~$4),730,,5,0,1,0,
caraway-seed,Caraway seed,spice,tsp,0.11,1.8 oz jar (~$4.50),1095,vegan; gluten-free; dairy-free,7,0.4,1,0.3,0.8
caraway-seeds,Caraway seeds,spice,tsp,0.44,1.4 oz (~$3.50),730,,7,0.4,1,0.3,0.8
cardamom,Cardamom,spice,tsp,0.58,2 oz (~$7),730,,6,0.2,1.4,0.1,0.6
carob-powder,Carob Powder,spice,tbsp,0.18,16 oz bag,730,cocoa-alternative; caffeine-free; baking,25,0.3,11,0.1,5
cascabel-chili,Cascabel Chili,spice,piece,0.2,3 oz bag,540,mexican; nutty; whole-chili,9,0.4,1.8,0.3,0.8
caster-sugar,Caster Sugar,spice,cup,0.7,1 lb (~$3.50),1095,baking; sugar; superfine,770,0,200,0,0
cayenne,Cayenne pepper,spice,tsp,0.25,2 oz (~$3),730,,6,0,1,0,
cayenne-pepper,Cayenne pepper,spice,tsp,0.25,2 oz (~$3),730,,6,0.2,1,0.3,0.5
celery-salt,Celery salt,spice,tsp,0.07,2.5 oz jar (~$3.50),730,vegan; gluten-free; dairy-free,2,0.1,0.4,0,0.1
chaat-masala,Chaat Masala,spice,tsp,0.05,3.5 oz (~$4.50),1095,blend; indian; tangy,5,0.2,1,0.1,0.4
chai-masala-blend,Chai Masala Blend,spice,tsp,0.15,3 oz (85 g) jar,730,tea; indian; spice-blend; masala,6,0.2,1.2,0.2,0.6
chile-de-arbol,Chile de Arbol,spice,tsp,0.05,2 oz dried (~$4.50),1095,chili; dried; hot; mexican,6,0.2,1.1,0.2,0.6
chili-flakes,Chili flakes,spice,tsp,0.33,1.5 oz (~$3),730,,6,0.2,1,0.3,0.5
chili-powder,Chili powder,spice,tsp,0.17,3 oz (~$3),730,,8,0,1.5,0,
chinese-5-spice,Chinese five spice,spice,tsp,0.37,1.8 oz (~$4),730,,6,0,1,0,
chipotle-powder,Chipotle chili powder,spice,tsp,0.1,2 oz jar (~$4.50),1095,vegan; gluten-free; dairy-free,,,,,
chocolate-chips,Chocolate chips,spice,1/4 cup,0.5,"12 oz bag (~$4.00, ~2 cups)",365,vegetarian; gluten-free; baking,210,2,28,13,2
cinnamon,Cinnamon,spice,tsp,0.29,2 oz (~$3.50),730,,6,0,2,0,1
cinnamon-sticks,Cinnamon Sticks,spice,piece,0.25,8 sticks (~$4.50),1825,whole; baking; mulling,6,0.1,2,0,1.3
citric-acid,Citric Acid,spice,tsp,0.05,10 oz bag,1825,acidulant; baking-aid; sour; preservative,5,0,1.3,0,
cocoa,Cocoa powder,spice,tbsp,0.13,8 oz (~$4.50),730,,12,1,3,0.7,1.8
cocoa-powder,Cocoa powder,spice,tbsp,0.13,8 oz (~$4.50),730,,12,1,3,0.7,2
coconut-extract,Coconut Extract,spice,tsp,0.28,2 fl oz (~$5.50),1460,baking; extract; flavoring,12,0,0,0,0
coconut-sugar,Coconut sugar,spice,tbsp,0.11,16 oz bag (~$5.50),1095,baking; vegan; vegetarian,,,,,
coriander,Coriander (ground),spice,tsp,0.33,1.5 oz (~$3),730,,5,0,1,0,0.5
corn-syrup,Corn syrup,spice,tbsp,0.13,16 oz bottle (~$4.00),1095,baking,58,0,15.7,0,
cornstarch,Cornstarch,spice,tbsp,0.05,16 oz box (~$2.50),1095,baking; staple; cheap; gluten-free,30,0,7,0,
cream-of-tartar,Cream of tartar,spice,tsp,0.15,1.5 oz jar (~$4.50),1095,vegan; gluten-free; dairy-free; baking; acidic,8,0,2,0,
creole-seasoning,Creole seasoning,spice,tsp,0.39,1.7 oz (~$4),730,,5,0,1,0,
cubeb,Cubeb Pepper,spice,tsp,0.3,1.5 oz jar,1095,tailed-pepper; whole-spice; indonesian,6,0.2,1.2,0.2,0.5
culinary-lavender,Culinary Lavender,spice,tsp,0.1,1 oz dried buds (~$8.00),1095,herb; dried; floral; baking,1,0,0.2,0,0.1
cumin,Cumin,spice,tsp,0.39,1.5 oz (~$3.50),730,,8,0,1,0,
cumin-seeds,Cumin seeds,spice,tsp,0.39,1.5 oz (~$3.50),730,,8,0.4,0.9,0.5,0.2
curry-leaves,Curry leaves,spice,tbsp,0.1,0.5 oz dried (~$4),365,vegan,2,0.1,0.4,0,0.2
curry-powder,Curry powder,spice,tsp,0.3,1.6 oz (~$3),730,,7,0,1,0,
custard-powder,Custard powder,spice,tbsp,0.1,300g tin (~$4),730,baking,30,0,7,0,0
dark-chocolate-chips,Dark chocolate chips,spice,tbsp,0.35,10 oz bag (~$4.50),365,baking,70,0.9,8,4.5,1
dashi-powder,Dashi powder,spice,tsp,0.2,2.2 oz jar (~$6.50),730,gluten-free; dairy-free; umami,8,0.8,1,0.1,
demerara-sugar,Demerara Sugar,spice,cup,0.95,24 oz (~$4.50),1095,baking; sugar; raw,770,0,199,0,0
malt-powder,Diastatic Malt Powder,spice,tsp,0.08,16 oz bag,540,baking-aid; bread; enzyme,13,0.4,2.8,0,0.1
dried-arbol,Dried Arbol Chili,spice,piece,0.04,4 oz bag,540,mexican; hot; whole-chili,3,0.1,0.6,0.1,0.3
dried-basil,Dried Basil,spice,tsp,0.04,0.62 oz (~$3.00),1095,herb; dried; italian,2,0.2,0.5,0,0.4
dried-chili,Dried chili,spice,chili,0.5,2 oz (~$4),730,,6,0.2,1.1,0.1,0.6
dried-chives,Dried Chives,spice,tsp,0.06,0.16 oz freeze-dried (~$4.00),730,herb; dried,1,0.1,0.1,0,0.1
dried-cilantro,Dried Cilantro,spice,tsp,0.05,0.4 oz (~$3.50),1095,herb; dried,1,0.1,0.3,0,0.2
dill-dried,Dried dill,spice,tsp,1.25,0.4 oz (~$3),730,,3,0,1,0,
dried-galangal,Dried Galangal,spice,tsp,0.12,2 oz pack,730,thai; aromatic; root,5,0.2,1.1,0.1,0.3
dried-mint,Dried Mint,spice,tsp,0.05,0.5 oz (~$4.00),1095,herb; dried,2,0.1,0.5,0,0.3
mushroom-powder,Dried mushroom powder,spice,tsp,0.67,2 oz (~$8),365,umami; vegan,5,0.5,1,0,
dried-oregano,Dried oregano,spice,tsp,0.5,1 oz (~$3),730,,3,0.1,0.7,0.1,0.4
parsley-dried,Dried parsley,spice,tsp,1,0.5 oz (~$3),730,,1,0,0,0,
dried-pasilla,Dried Pasilla Chili,spice,piece,0.3,3 oz bag,540,mexican; mild-heat; whole-chili,12,0.5,2.3,0.4,1
dried-rose-petals,Dried Rose Petals,spice,tsp,0.14,1 oz pack,730,persian; floral; aromatic,2,0.1,0.5,0.02,0.2
dried-rosemary,Dried rosemary,spice,tsp,0.5,1 oz (~$3),730,,4,0.1,0.8,0.2,0.5
sage-dried,Dried sage,spice,tsp,1.25,0.4 oz (~$3),730,,2,0,0.5,0,
dried-savory,Dried Savory,spice,tsp,0.06,0.6 oz (~$5.00),1095,herb; dried,4,0.2,1,0.1,0.6
tarragon-dried,Dried tarragon,spice,tsp,1.67,0.4 oz (~$4),730,,5,0,1,0,
dried-thyme,Dried thyme,spice,tsp,0.5,1 oz (~$3),730,,3,0.1,0.8,0.1,0.5
dry-chermoula,Dry Chermoula,spice,tsp,0.15,2 oz jar,540,moroccan; blend; herby,6,0.3,1.1,0.2,0.6
dry-zhug,Dry Zhug,spice,tsp,0.13,2 oz jar,540,yemeni; blend; spicy,6,0.3,1.1,0.2,0.6
dukkah,Dukkah blend,spice,tsp,0.2,2.5 oz jar (~$8.00),365,vegan; gluten-free; dairy-free,13,0.5,0.9,1,0.4
dutch-cocoa,Dutch process cocoa,spice,tbsp,0.2,8 oz tin (~$7.50),730,baking; vegan,12,1,3,0.7,1.8
epazote,Epazote (dried),spice,tsp,0.05,0.5 oz pack (~$2.50),730,aromatic; vegan,2,0,0.5,0,0
erythritol,Erythritol,spice,tbsp,0.13,16 oz bag (~$7.00),1095,baking,,,,,
everything-bagel,Everything bagel seasoning,spice,tsp,0.22,3.7 oz (~$5),730,,10,0,1,1,
fajita-seasoning,Fajita Seasoning,spice,tsp,0.05,1 oz packet (~$1.20),730,blend; mexican; tex-mex,5,0.2,1,0.1,0.3
fennel-pollen,Fennel Pollen,spice,oz,9.99,0.5 oz,540,italian; aromatic; finishing; floral,345,16,52,15,40
fennel-seed,Fennel seed,spice,tsp,0.1,1.7 oz jar (~$4.00),1095,vegan; gluten-free; dairy-free,7,0.3,1,0.3,0.8
fennel-seeds,Fennel seeds,spice,tsp,0.44,1.4 oz (~$3.50),730,,7,0.3,1,0.3,0.8
fenugreek,Fenugreek seed,spice,tsp,0.06,2 oz jar (~$3.00),1095,vegan; gluten-free; dairy-free,12,0.9,2.2,0.2,0.9
fine-sea-salt,Fine Sea Salt,spice,tsp,0.01,26 oz (~$3.00),3650,salt; baking; essential,0,0,0,0,0
flaky-sea-salt,Flaky sea salt (Maldon-style),spice,tsp,0.1,8.5 oz tin (~$8.50),1095,vegan; gluten-free; dairy-free,0,0,0,0,
ginger,Fresh ginger,spice,tsp,0.1,small piece (~$1),21,,2,0,0.5,0,
pectin,Fruit Pectin,spice,tbsp,0.4,1.75 oz box (~$3.50),730,baking; jam; gelling-agent,40,0,10,0,3
furikake,Furikake,spice,tsp,0.49,1.7 oz (~$5),365,umami,10,0.5,1,0.5,
garam-masala,Garam masala,spice,tsp,0.38,2.2 oz (~$5),730,,8,0,1,0,
garlic-powder,Garlic powder,spice,tsp,0.2,3 oz (~$3.50),730,,10,0.5,2,0,
garlic-salt,Garlic salt,spice,tsp,0.05,5 oz jar (~$4.50),730,cheap; vegan; gluten-free; dairy-free,4,0.2,0.9,0,0.1
gel-food-coloring,Gel Food Coloring,spice,tsp,0.3,4 colors (~$8.00),1460,baking; decoration; coloring,5,0,1,0,0
gelatin,Gelatin (unflavored),spice,packet,0.5,4-pack (~$2),730,,23,6,0,0,
gochugaru,Gochugaru (Korean chili flakes),spice,tsp,0.17,8 oz (~$8),365,,5,0,1,0,
gomasio,Gomasio,spice,tsp,0.06,3.5 oz sesame salt (~$5.50),730,blend; japanese; finishing,15,0.5,0.6,1.3,0.3
grains-of-paradise,Grains Of Paradise,spice,tsp,0.28,1.5 oz jar,1095,west-african; peppery; whole-spice,6,0.2,1.1,0.2,0.5
greek-seasoning,Greek Seasoning,spice,tsp,0.05,2 oz (~$5.00),1095,blend; mediterranean,4,0.2,0.8,0.1,0.3
cardamom-green,Green cardamom,spice,tsp,0.3,1 oz jar (~$8.00),1095,vegan; gluten-free; dairy-free; baking,6,0.2,1.4,0.1,0.6
green-peppercorns,Green Peppercorns,spice,tsp,0.12,2 oz dried (~$7.00),1095,pepper; whole,7,0.3,1.6,0.1,0.6
ground-anise,Ground Anise,spice,tsp,0.06,1.5 oz (~$5.00),1095,ground; baking; licorice,7,0.4,1.1,0.3,0.3
ground-cardamom,Ground Cardamom,spice,tsp,0.2,1.6 oz (~$9.00),1095,ground; baking; indian,6,0.2,1.4,0.1,0.6
cloves-ground,Ground cloves,spice,tsp,0.74,0.9 oz (~$4),730,,7,0,1.5,0,
coriander-seed,Ground coriander,spice,tsp,0.33,1.5 oz (~$3),730,,5,0,1,0,
ground-fennel,Ground Fennel,spice,tsp,0.04,1.7 oz (~$4.00),1095,ground,7,0.3,1,0.3,0.8
ginger-ground,Ground ginger,spice,tsp,0.33,1.5 oz (~$3),730,,6,0,1.5,0,
ginger-powder,Ground ginger,spice,tsp,0.33,1.5 oz (~$3),730,,6,0.2,1.3,0.1,0.2
ground-mace,Ground Mace,spice,tsp,0.18,1.4 oz (~$8.00),1095,ground; warm,8,0.1,0.9,0.6,0.4
guajillo-chili-powder,Guajillo Chili Powder,spice,tsp,0.06,2.5 oz (~$5.00),1095,chili; ground; mexican,6,0.2,1.1,0.2,0.6
guar-gum,Guar Gum,spice,tsp,0.1,8 oz bag,1095,thickener; gluten-free; baking-aid; stabilizer,10,0,3,0,2.7
hawaij,Hawaij,spice,tsp,0.14,2 oz jar,540,yemeni; blend; savory,7,0.3,1.3,0.3,0.7
herbes-provence,Herbes de Provence,spice,tsp,0.95,0.7 oz (~$4),730,,4,0,1,0,
herbes-de-provence,Herbes de Provence,spice,tsp,0.95,0.7 oz (~$4),730,,3,0.1,0.7,0.1,0.4
hoja-santa,Hoja Santa,spice,tsp,0.15,0.5 oz pack,365,mexican; dried-herb; anise,2,0.1,0.4,0.05,0.3
hot-paprika,Hot Paprika,spice,tsp,0.05,2 oz (~$5.00),1095,ground; chili; hot,6,0.3,1.2,0.3,0.8
ichimi-togarashi,Ichimi Togarashi,spice,tsp,0.22,0.5 oz jar,540,japanese; chili; ground,6,0.3,1,0.3,0.6
instant-yeast,Instant yeast,spice,tsp,0.1,4 oz jar (~$6.00),365,vegan; dairy-free; baking,11,1.5,1.5,0,0.5
italian-seasoning,Italian seasoning,spice,tsp,0.5,1 oz (~$3),730,,4,0,1,0,
jaggery,Jaggery,spice,tbsp,0.16,2 lb block,730,sweetener; unrefined-sugar; indian,45,0.1,12,0,
jamaican-curry-powder,Jamaican Curry Powder,spice,tsp,0.06,3 oz jar,730,caribbean; turmeric; blend,7,0.3,1.3,0.3,0.7
jerk-dry-rub,Jerk Dry Rub,spice,tsp,0.07,5 oz jar,540,jamaican; blend; allspice,7,0.3,1.3,0.2,0.5
jerk-seasoning,Jerk seasoning,spice,tsp,0.12,2.5 oz jar (~$5.50),730,vegan; gluten-free; dairy-free,,,,,
jollof-spice,Jollof Spice,spice,tsp,0.12,3 oz jar,540,west-african; blend; savory,7,0.3,1.4,0.2,0.6
kaffir-lime-powder,Kaffir Lime Powder,spice,tsp,0.2,1 oz jar,540,thai; citrus; aromatic,4,0.2,0.9,0.1,0.4
kasoori-methi,Kasoori methi (dried fenugreek),spice,tbsp,0.15,1 oz bag (~$3),730,vegan,9,0.7,1.3,0.2,0.9
khmeli-suneli,Khmeli Suneli,spice,tsp,0.12,2 oz jar,540,georgian; blend; herby,6,0.3,1.1,0.2,0.6
kokum,Kokum,spice,tsp,0.09,3.5 oz pack,540,souring-agent; konkani; dried-fruit,7,0.1,1.8,0.1,0.4
kosher-salt,Kosher salt,spice,tsp,0.01,3 lb box (~$5.00),1095,staple; cheap; vegan; gluten-free; dairy-free,,,,,
lemon-extract,Lemon Extract,spice,tsp,0.3,1 fl oz (~$4.50),1460,baking; extract; flavoring,12,0,0,0,0
lemon-pepper,Lemon pepper seasoning,spice,tsp,0.27,2.5 oz (~$4),730,,5,0,1,0,
liquid-food-coloring,Liquid Food Coloring,spice,tsp,0.15,4 x 1 fl oz (~$5.00),1460,baking; decoration; coloring,0,0,0,0,0
long-pepper,Long Pepper,spice,tsp,0.22,1.6 oz jar,1095,pippali; whole-spice; ayurvedic,6,0.2,1.4,0.1,0.6
madras-curry-powder,Madras Curry Powder,spice,tsp,0.06,3 oz jar,730,indian; hot-curry; blend,7,0.3,1.2,0.3,0.7
mahleb,Mahleb,spice,tsp,0.2,2 oz pack,730,cherry-pit; middle-eastern; baking,7,0.2,0.8,0.4,0.3
makrut-lime-leaves,Makrut lime leaves,spice,leaf,0.1,0.2 oz pack / ~20 leaves (~$2.50),365,aromatic; vegan,1,0,0,0,0
maple-extract,Maple Extract,spice,tsp,0.3,2 fl oz (~$6.00),1460,baking; extract; flavoring,12,0,0,0,0
maras-pepper,Maras Pepper,spice,tsp,0.16,2 oz jar,730,turkish; chili-flakes; mild,6,0.3,1.1,0.3,0.6
marshmallows,Marshmallows (mini or fluff),spice,cup,0.35,10 oz bag (~$2),240,vegetarian; baking; dessert,159,1,41,0,0
mastic,Mastic Gum,spice,tsp,0.85,0.5 oz pack,1460,resin; greek; aromatic,8,0,2,0.1,
meringue-powder,Meringue Powder,spice,tbsp,0.5,8 oz (~$9.50),730,baking; royal-icing; egg-white,30,2,4,0,0
mitmita,Mitmita,spice,tsp,0.13,3 oz pack,540,ethiopian; hot; blend,7,0.3,1.2,0.3,0.7
molasses,Molasses,spice,tbsp,0.21,12 oz jar (~$5.00),730,baking; vegan,58,0,15,0,
monk-fruit-sweetener,Monk fruit sweetener,spice,tsp,0.15,8 oz pouch (~$8.50),1095,baking,0,0,1,0,
montreal-steak-seasoning,Montreal Steak Seasoning,spice,tsp,0.04,3.4 oz (~$4.50),1095,blend; grilling; steak,3,0.2,0.7,0.1,0.2
morita-chili,Morita Chili,spice,piece,0.18,3 oz bag,540,mexican; smoked; whole-chili,8,0.3,1.6,0.3,0.7
msg,MSG,spice,tsp,0.06,16 oz (~$6),1825,umami,0,0,0,0,
mulling-spices,Mulling Spices,spice,tsp,0.07,2 oz (~$6.00),1095,blend; whole; beverage,6,0.1,1.4,0.1,0.6
muscovado-sugar,Muscovado Sugar,spice,cup,1.3,1 lb (~$6.00),730,baking; sugar; dark; molasses,760,0,196,0,0
mustard-powder,Mustard powder,spice,tsp,0.25,2 oz (~$3),730,,15,1,1,1,
mustard-seed,Mustard seed,spice,tsp,0.08,2 oz jar (~$3.50),1095,vegan; gluten-free; dairy-free,15,0.8,1.1,1,0.5
mustard-seeds,Mustard seeds,spice,tsp,0.39,1.5 oz (~$3.50),730,,15,0.8,1.1,1,0.5
nigella-seeds,Nigella Seeds,spice,tsp,0.05,3 oz black cumin (~$5.00),1460,seed; whole; finishing,7,0.3,0.9,0.4,0.3
nutmeg,Nutmeg,spice,tsp,0.61,1.1 oz (~$4),1095,,12,0,1,0.8,
old-bay,Old Bay seasoning,spice,tsp,0.26,2.6 oz (~$4),730,,0,0,0,0,
onion-powder,Onion powder,spice,tsp,0.22,2.6 oz (~$3.50),730,,8,0,2,0,
orange-extract,Orange Extract,spice,tsp,0.3,1 fl oz (~$4.50),1460,baking; extract; flavoring,12,0,0,0,0
oregano,Oregano,spice,tsp,0.5,1 oz (~$3),730,,5,0,1,0,
panch-phoron,Panch Phoron,spice,tsp,0.07,3.5 oz pack,730,bengali; whole-seed; blend,9,0.4,1,0.5,0.5
paprika,Paprika,spice,tsp,0.25,2 oz (~$3),730,,6,0,1,0,
pav-bhaji-masala,Pav bhaji masala,spice,tsp,0.19,3.5 oz (~$4),730,,8,0.3,1.3,0.3,0.6
pearl-sugar,Pearl Sugar,spice,tbsp,0.22,8 oz bag,1825,decoration; baking; nordic; belgian-waffle,49,0,12.6,0,
peppermint-extract,Peppermint extract,spice,tsp,0.25,2 oz bottle (~$5.00),1095,vegan; gluten-free; dairy-free; baking,,,,,
pickling-spice,Pickling Spice,spice,tsp,0.05,1.7 oz (~$4.50),1095,blend; whole; preserving,6,0.2,1.2,0.2,0.5
piloncillo,Piloncillo,spice,tbsp,0.14,8 oz cones (2-pack),730,sweetener; unrefined-sugar; mexican; cane,48,0,12.4,0,
pink-himalayan-salt,Pink Himalayan Salt,spice,tsp,0.02,5 lb (~$11.00),3650,salt; finishing,0,0,0,0,0
pink-peppercorns,Pink Peppercorns,spice,tsp,0.18,1.7 oz (~$8.00),1095,pepper; whole; finishing,6,0.2,1.4,0.1,0.6
poppy-seeds,Poppy seeds,spice,tsp,0.2,1.5 oz (~$3),730,,15,0.5,0.8,1.2,0.6
potato-starch,Potato starch,spice,tbsp,0.09,16 oz bag (~$4.50),1095,baking; gluten-free; vegan,40,0,10,0,
poultry-seasoning,Poultry seasoning,spice,tsp,0.5,1 oz (~$3),730,,5,0,1,0,
powdered-sugar,Powdered sugar,spice,tbsp,0.04,2 lb bag (~$3.50),730,baking; cheap,30,0,8,0,
pumpkin-pie-spice,Pumpkin Pie Spice,spice,tsp,0.06,1.7 oz (~$4.00),1095,blend; baking; fall,6,0.1,1.4,0.2,0.8
quatre-epices,Quatre Epices,spice,tsp,0.1,2 oz jar,730,french; blend; warm-spice,7,0.2,1.3,0.3,0.7
rainbow-peppercorns,Rainbow Peppercorns,spice,tsp,0.05,3.5 oz blend (~$6.00),1460,pepper; whole; blend,7,0.3,1.7,0.1,0.7
ranch-seasoning,Ranch seasoning,spice,tsp,0.25,1 oz packet (~$1.50),730,,5,0,1,0,
ras-el-hanout,Ras el hanout,spice,tsp,0.18,2 oz jar (~$7.00),730,vegan; gluten-free; dairy-free,7,0.3,1.2,0.3,0.6
rasam-powder,Rasam Powder,spice,tsp,0.06,7 oz pack,540,south-indian; blend; tangy,8,0.4,1.3,0.3,0.8
red-pepper-flakes,Red pepper flakes,spice,tsp,0.33,1.5 oz (~$3),730,,6,0,1,0,
rock-sugar,Rock Sugar,spice,tbsp,0.1,16 oz bag,1825,sweetener; crystallized-sugar; asian,50,0,13,0,
rum-extract,Rum Extract,spice,tsp,0.28,1 fl oz (~$4.00),1460,baking; extract; flavoring,12,0,0,0,0
sour-rye-starter,Rye sourdough starter,spice,tbsp,0.5,homemade,30,,15,0.5,3.2,0.1,0.3
saffron,Saffron threads,spice,tsp,1.2,1 g vial (~$8.00),1095,vegan; gluten-free; dairy-free,2,0,0.5,0,
salt,Salt,spice,tsp,0.01,26 oz (~$1.50),3650,staple,0,0,0,0,
sambar-powder,Sambar Powder,spice,tsp,0.06,7 oz pack,540,south-indian; blend; lentil-spice,8,0.4,1.3,0.3,0.8
sanding-sugar,Sanding Sugar,spice,tbsp,0.25,3.8 oz (~$4.00),1095,baking; decoration; coarse-sugar,48,0,12.5,0,0
sansho,Sansho Pepper,spice,tsp,0.4,0.5 oz jar,730,japanese; citrusy; ground,6,0.3,1.2,0.2,0.7
sazon,Sazon seasoning,spice,tsp,0.15,8 packet box (~$2.50),730,cheap; vegan; gluten-free; dairy-free,5,0,1,0,
sazon-seasoning,Sazón seasoning,spice,tsp,0.07,3.5 oz (~$2.50),730,aromatic,2,0,0.5,0,0
seasoned-salt,Seasoned salt,spice,tsp,0.06,8 oz (~$3),1095,,0,0,0,0,
semi-sweet-chocolate-chips,Semi-sweet chocolate chips,spice,tbsp,0.29,12 oz bag (~$4.00),365,baking; vegetarian,70,1,9,4,1
sesame-seeds,Sesame seeds,spice,tsp,0.22,3 oz (~$4),365,,18,0.6,0.7,1.5,
shawarma-seasoning,Shawarma Seasoning,spice,tsp,0.06,2 oz (~$5.50),1095,blend; middle-eastern,6,0.3,1.1,0.2,0.5
shichimi,Shichimi togarashi,spice,tsp,1.33,0.5 oz (~$4),365,,6,0,1,0,
sichuan-peppercorn,Sichuan peppercorn,spice,tsp,0.2,1.5 oz jar (~$6.00),1095,vegan; gluten-free; dairy-free,,,,,
smoked-paprika,Smoked paprika,spice,tsp,0.33,2 oz (~$4),730,,6,0,1,0,
smoked-salt,Smoked Salt,spice,tsp,0.06,4 oz (~$7.00),3650,salt; smoked; finishing,0,0,0,0,0
star-anise,Star anise,spice,piece,0.15,"1 oz bag (~$4.50, ~30 pods)",1095,vegan; gluten-free; dairy-free,2,0,0.5,0,
stevia,Stevia sweetener,spice,tsp,0.06,100 packets (~$6.00),1095,baking,,,,,
sugar,Sugar,spice,tbsp,0.02,4 lb (~$3.50),3650,staple; baking,50,0,13,0,
sumac,Sumac,spice,tsp,0.47,1.6 oz (~$4.50),730,,5,0,1,0,
suya-spice,Suya Spice,spice,tsp,0.13,3 oz pack,365,nigerian; yaji; peanut-blend,12,0.5,1.1,0.7,0.4
sweet-paprika,Sweet paprika,spice,tsp,0.25,2 oz (~$3),730,,6,0.3,1.2,0.3,0.8
tabil,Tabil,spice,tsp,0.13,2 oz jar,540,tunisian; blend; coriander,7,0.3,1.2,0.3,0.7
table-salt,Table Salt,spice,tsp,0,26 oz iodized (~$1.50),3650,salt; iodized; essential,0,0,0,0,0
taco-seasoning,Taco seasoning,spice,packet,0.85,1 oz packet (~$0.85),730,,30,1,5,1,
taco-seasoning-2,Taco seasoning (homemade-style),spice,tsp,0.13,1 oz packet (~$0.80),730,,5,0,1,0,
tajin,Tajin seasoning,spice,tsp,0.05,5 oz bottle (~$3.50),730,cheap; vegan; gluten-free; dairy-free; acidic,2,0.1,0.5,0,0.1
tandoori-masala,Tandoori Masala,spice,tsp,0.06,3.5 oz (~$5.50),1095,blend; indian,6,0.3,1.1,0.2,0.5
tapioca-starch,Tapioca starch,spice,tbsp,0.08,16 oz bag (~$4.00),1095,baking; gluten-free; vegan,30,0,7.5,0,
thyme,Thyme,spice,tsp,0.5,1 oz (~$3),730,,4,0,1,0,
turbinado-sugar,Turbinado sugar,spice,tbsp,0.06,24 oz bag (~$4.50),1095,baking,45,0,12,0,
turmeric,Turmeric,spice,tsp,0.29,2 oz (~$3.50),730,,8,0,1.5,0,
gelatin-powder,Unflavored gelatin,spice,tsp,0.35,"1 oz box, 4 packets (~$4.50)",1095,gluten-free; dairy-free; baking; high-protein,10,2.6,0,0,
unsweetened-baking-chocolate,Unsweetened baking chocolate,spice,oz,0.88,4 oz bar (~$3.50),730,baking,,,,,
unsweetened-shredded-coconut,Unsweetened shredded coconut,spice,tbsp,0.17,8 oz bag (~$4.50),365,baking; vegan; gluten-free,35,0.3,1.3,3.3,0.9
urfa-biber,Urfa Biber,spice,tsp,0.18,2 oz jar,730,turkish; smoky-chili; mild,6,0.3,1.1,0.3,0.6
vadouvan-curry,Vadouvan Curry Blend,spice,tsp,0.09,2 oz french curry (~$8.00),1095,blend; curry; french-indian,7,0.3,1.2,0.3,0.6
vanilla-bean,Vanilla Bean,spice,piece,2.5,2 beans (~$5.00),730,baking; vanilla; whole,12,0,3,0,0
vanilla-bean-paste,Vanilla Bean Paste,spice,tsp,0.95,4 fl oz (~$15.00),1095,baking; vanilla; flavoring,20,0,5,0,0
vanilla,Vanilla extract,spice,tsp,0.5,4 oz (~$12),1095,,12,0,0.5,0,
vanilla-powder,Vanilla Powder,spice,tsp,0.55,2 oz jar,1095,flavoring; baking; ground-vanilla-bean,12,0.1,2.6,0,0.3
vindaloo-masala,Vindaloo Masala,spice,tsp,0.08,3 oz jar,730,goan; hot; blend,7,0.3,1.2,0.3,0.7
white-chocolate-chips,White chocolate chips,spice,tbsp,0.32,11 oz bag (~$4.50),365,baking; vegetarian,80,0.9,9,4.7,
white-pepper,White pepper,spice,tsp,0.39,1.7 oz (~$4),730,,6,0,1.5,0,
white-sugar,White sugar,spice,tbsp,0.02,4 lb (~$3.50),3650,,50,0,13,0,
whole-allspice,Whole Allspice Berries,spice,tsp,0.04,2 oz (~$5.00),1460,whole; mulling; jerk,5,0.1,1.4,0.2,0.4
whole-peppercorns,Whole black peppercorns,spice,tsp,0.08,3 oz grinder (~$5.00),1095,staple; vegan; gluten-free; dairy-free,6,0.2,1.4,0.1,0.6
cloves,Whole cloves,spice,tsp,0.74,0.9 oz (~$4),1095,,6,0,1,0,0.7
whole-nutmeg,Whole Nutmeg,spice,piece,0.45,6 whole (~$8.00),1825,whole; baking,12,0.1,1.1,0.8,0.5
xanthan-gum,Xanthan Gum,spice,tsp,0.2,8 oz (~$9.00),1095,baking; gluten-free; thickener; binder,7,0,2,0,2
zaatar,Za'atar,spice,tsp,0.42,2 oz (~$5),730,,8,0,1,0.5,
acorn-squash,Acorn Squash,vegetable,cup,0.7,1 squash ~1.3 lb (~$1.49/lb),60,winter-squash; roasting,56,1.1,15,0.1,2.1
amaranth-greens,Amaranth Greens,vegetable,cup chopped,0.6,1 lb bunch,4,leafy; callaloo; world,6,0.6,1.1,0.1,0.7
anaheim-pepper,Anaheim Pepper,vegetable,piece,0.5,~2 oz each (~$3.49/lb),10,nightshade; chili; mild; roasting,12,0.6,2.8,0.1,1
arugula,Arugula,vegetable,bag,3.99,5 oz clamshell (~$3.99),5,vegetarian; vegan; gluten-free; dairy-free,25,2.6,3.7,0.7,1.6
asparagus,Asparagus,vegetable,bag,3.99,1 lb bunch (~$3.99),5,vegetarian; vegan; gluten-free; dairy-free,67,7.4,13,0.4,7
avocado,Avocado,vegetable,avocado,1.75,single (~$1.75),5,,240,3,12,22,10
baby-bok-choy,Baby Bok Choy,vegetable,piece,0.9,1 lb ~5 heads (~$3.99),5,brassica; stir-fry; asian,13,1.5,2.2,0.2,1
baby-kale,Baby Kale,vegetable,cup,0.7,5 oz clamshell (~$3.49),6,leafy-green; brassica; salad; prewashed,8,0.7,1.4,0.2,0.6
banana-pepper,Banana Pepper,vegetable,piece,0.45,~1.5 oz each (~$2.99/lb),14,nightshade; chili; mild; sweet,12,0.7,2.4,0.2,1.6
bean-sprouts,Bean sprouts,vegetable,cup,0.83,12 oz (~$2.50),5,,31,3.2,6,0.2,1.8
beech-mushroom,Beech Mushroom,vegetable,cup,1.5,3.5 oz package (~$2.99),10,mushroom; shimeji; asian; stir-fry,25,2.5,4.5,0.3,2
beet,Beet,vegetable,piece,1.25,1 medium beet (~$1.25),21,vegetarian; vegan; gluten-free; dairy-free,35,1.3,8,0.1,2.3
beets,Beets,vegetable,beet,0.88,bunch (~$3.50),30,,35,1.3,8,0.1,2.3
bell-pepper,Bell pepper,vegetable,pepper,1.25,single (~$1.25),7,,30,1,7,0,2.5
bitter-melon,Bitter Melon,vegetable,cup sliced,0.55,1 lb fresh,7,asian; gourd; bitter,16,0.9,3.4,0.2,2.6
black-trumpet-mushroom,Black Trumpet Mushroom,vegetable,oz,2.25,2 oz package,6,specialty-mushroom; wild; gourmet,8,0.6,1.5,0.1,0.7
bok-choy,Bok choy,vegetable,piece,1.99,1 head bok choy (~$1.99),7,vegetarian; vegan; gluten-free; dairy-free,9,1,1.5,0,1
boniato,Boniato,vegetable,cup cubed,0.45,1.5 lb fresh,21,tuber; cuban-sweet-potato; starchy,115,2,27,0.1,3.8
broccoli,Broccoli,vegetable,cup,0.65,head (~$2.50),7,,30,2.5,6,0,2.4
broccoli-rabe,Broccoli Rabe,vegetable,cup,0.85,1 bunch ~12 oz (~$3.49),5,brassica; braising; bitter; italian,9,1.3,1.1,0.2,1.1
broccoli-sprouts,Broccoli Sprouts,vegetable,cup,0.85,4 oz container,6,sprouts; raw; sulforaphane,12,1.3,1.3,0.3,0.8
broccolini,Broccolini,vegetable,cup,1.5,8 oz (~$3),5,,35,3,6.6,0.4,2.6
brussels-sprouts,Brussels sprouts,vegetable,cup,3.49,"1 lb bag (~$3.49, ~4 cups)",14,vegetarian; vegan; gluten-free; dairy-free,38,3,8,0.3,3.3
butternut-squash,Butternut squash,vegetable,piece,3.99,"1 medium squash (~2 lb, $3.99)",60,vegetarian; vegan; gluten-free; dairy-free,250,5.5,65,0.6,11
button-mushroom,Button Mushroom,vegetable,cup,0.95,8 oz package (~$2.49),7,mushroom; sauteing; raw,15,2.2,2.3,0.2,0.7
cabbage,Cabbage,vegetable,cup,0.38,head (~$3),30,,22,1,5,0,2.2
calabaza,Calabaza,vegetable,cup,0.75,~1 lb chunk (~$1.49/lb),30,winter-squash; latin; caribbean; stewing,30,1,7.5,0.1,0.6
calabrian-chili,Calabrian Chili,vegetable,piece,0.55,6 oz fresh,12,chili; italian; spicy; fruity,4,0.2,0.9,0,0.3
cardoon,Cardoon,vegetable,cup chopped,0.85,1 lb bunch,7,stalk; thistle; uncommon,36,1.2,8.6,0.2,3.3
carrot,Carrot,vegetable,carrot,0.2,2 lb bag (~$2),30,,25,0.6,6,0,1.7
cauliflower,Cauliflower,vegetable,piece,4.49,"1 head (~2 lb, $4.49)",10,vegetarian; vegan; gluten-free; dairy-free,146,11.4,29,1.6,11.6
celeriac,Celeriac,vegetable,celeriac,3.5,single (~$3.50),30,,175,6.6,38,1.3,7.4
celery,Celery,vegetable,stalk,0.38,bunch (~$3),14,,6,0.3,1.2,0,0.6
chanterelle-mushroom,Chanterelle Mushroom,vegetable,oz,1.5,4 oz package,7,specialty-mushroom; wild; gourmet,9,0.5,1.9,0.1,1
chayote,Chayote,vegetable,chayote,1.5,single (~$1.50),30,,39,1.5,9,0.3,3.5
chives,Chives,vegetable,tbsp,2.49,"0.5 oz pack (~$2.49, ~6 tbsp chopped)",10,vegetarian; vegan; gluten-free; dairy-free,1,0.1,0.1,0,0.1
choy-sum,Choy Sum,vegetable,cup chopped,0.5,1 lb bunch,5,asian-greens; leafy,14,1.5,2.2,0.2,1
chrysanthemum-greens,Chrysanthemum Greens,vegetable,cup chopped,0.7,8 oz bunch,4,asian-greens; tong-ho; leafy,12,1.2,2.2,0.1,1.4
coleslaw,Coleslaw mix,vegetable,cup,0.5,14 oz bag (~$2.50),7,,25,1.3,5.8,0.1,2
coleslaw-mix,Coleslaw mix,vegetable,cup,0.5,14 oz bag (~$2.50),7,,25,1.3,5.8,0.1,2
collard-greens,Collard greens,vegetable,cup,0.63,bunch (~$2.50),5,,11,1.1,2,0.2,1.4
corn-on-the-cob,Corn on the cob,vegetable,ear,0.6,4-pack (~$2.40),5,staple,90,3,19,1,2
cremini,Cremini mushrooms,vegetable,cup,3.49,"8 oz pack (~$3.49, ~3 cups sliced)",7,vegetarian; vegan; gluten-free; dairy-free; umami,21,2.5,3.7,0.1,0.6
cubanelle,Cubanelle Pepper,vegetable,piece,0.6,~3 oz each (~$2.99/lb),10,nightshade; frying; mild; sweet,15,0.7,3.5,0.1,1.2
cucumber,Cucumber,vegetable,cucumber,1,single (~$1),7,,30,1.5,7,0,2
daikon,Daikon radish,vegetable,piece,2.49,"1 daikon (~1.5 lb, $2.49)",21,vegetarian; vegan; gluten-free; dairy-free,61,2,14,0.3,5.6
dandelion-greens,Dandelion Greens,vegetable,cup,0.7,1 bunch ~10 oz (~$2.99),4,leafy-green; bitter; braising,25,1.5,5.1,0.4,1.9
delicata-squash,Delicata Squash,vegetable,cup,1.1,1 squash ~12 oz (~$2.49/lb),30,winter-squash; roasting; edible-skin,40,1,9,0.1,2
wakame,Dried wakame,vegetable,tsp,0.5,1 oz (~$5),365,,4,0.4,0.8,0,0.1
eggplant,Eggplant,vegetable,piece,2.49,1 globe eggplant (~$2.49),7,vegetarian; vegan; gluten-free; dairy-free,110,4.6,26,0.8,13
endive,Endive,vegetable,head,1,single (~$2),7,,15,1.3,3.4,0.2,3.1
enoki-mushroom,Enoki Mushroom,vegetable,cup,1.1,7 oz package (~$1.99),7,mushroom; asian; soup; hot-pot,24,1.7,5,0.2,1.9
escarole,Escarole,vegetable,cup,0.55,1 head ~12 oz (~$2.99),7,leafy-green; chicory; braising; salad,8,0.6,1.7,0.1,1.6
fennel-bulb,Fennel bulb,vegetable,piece,2.99,1 fennel bulb (~$2.99),10,vegetarian; vegan; gluten-free; dairy-free,73,2.9,17,0.5,7.3
fennel,Fennel bulb,vegetable,bulb,3,single (~$3),14,,73,2.9,17,0.5,7.3
fiddleheads,Fiddleheads,vegetable,cup,2,8 oz package,5,wild; seasonal; fern; forage,34,4.6,5.4,0.4,
fingerling-potato,Fingerling Potato,vegetable,cup,1,1.5 lb bag (~$4.49),30,root; waxy; roasting,117,3,26,0.2,2.3
basil-fresh,Fresh basil,vegetable,tbsp,0.58,0.75 oz (~$3.50),5,,1,0,0,0,
basil,Fresh basil,vegetable,tbsp,0.58,0.75 oz (~$3.50),5,,1,0.1,0.1,0,0.1
cilantro-fresh,Fresh cilantro,vegetable,tbsp,0.17,bunch (~$1),7,,1,0,0,0,
cilantro,Fresh cilantro,vegetable,tbsp,0.17,bunch (~$1),7,,0,0,0.1,0,
corn,Fresh corn,vegetable,ear,0.7,ear (~$0.70),5,,80,3,19,1.1,2.4
dill-fresh,Fresh dill,vegetable,tbsp,0.6,0.5 oz (~$3),5,,1,0,0,0,
dill,Fresh dill,vegetable,tbsp,0.6,0.5 oz (~$3),5,,0,0,0.1,0,
marjoram,Fresh marjoram,vegetable,tbsp,0.12,bunch (~$1.75),7,,2,0.1,0.4,0,0.3
mint-fresh,Fresh mint,vegetable,tbsp,0.58,0.75 oz (~$3.50),5,,1,0,0,0,
mint,Fresh mint,vegetable,tbsp,0.58,0.75 oz (~$3.50),5,,1,0.1,0.2,0,0.1
parsley-fresh,Fresh parsley,vegetable,tbsp,0.25,bunch (~$1.50),7,,1,0,0,0,
parsley,Fresh parsley,vegetable,tbsp,0.25,bunch (~$1.50),7,,1,0.1,0.2,0,0.1
rosemary-fresh,Fresh rosemary,vegetable,sprig,0.3,0.5 oz (~$3),14,,1,0,0,0,
rosemary,Fresh rosemary,vegetable,sprig,0.3,0.5 oz (~$3),14,,2,0,0.3,0.1,0.2
tarragon,Fresh tarragon,vegetable,tbsp,0.35,0.5 oz (~$2.75),5,,5,0.4,0.8,0.1,0.1
thyme-fresh,Fresh thyme,vegetable,sprig,0.3,0.5 oz (~$3),14,,1,0,0,0,
fresno-chili,Fresno Chili,vegetable,piece,0.35,~0.7 oz each (~$3.99/lb),14,nightshade; chili; spicy,4,0.2,0.9,0,0.3
frisee,Frisee,vegetable,cup,0.65,1 head ~6 oz (~$2.99),7,leafy-green; salad; chicory; bitter,8,0.6,1.7,0.1,1.6
fuzzy-melon,Fuzzy Melon,vegetable,cup cubed,0.45,1.5 lb fresh,10,asian; gourd; mao-gua,17,0.6,4,0,2.9
gai-lan,Gai Lan,vegetable,cup chopped,0.55,1 lb bunch,5,asian-greens; chinese-broccoli; leafy,20,1.4,3.2,0.3,1.6
galangal,Galangal,vegetable,tsp,0.2,piece (~$2),14,,2,0,0.5,0,
garlic,Garlic,vegetable,clove,0.1,head (~$1),60,staple,4,0.2,1,0,
garlic-scapes,Garlic Scapes,vegetable,cup,1.5,1 bunch ~6 oz (~$4),14,allium; spring; stir-fry,30,1.5,7,0.1,1
ghost-pepper,Ghost Pepper,vegetable,piece,0.75,4 oz fresh,10,chili; bhut-jolokia; extreme-heat,5,0.2,1.1,0,0.4
globe-artichoke,Globe Artichoke,vegetable,piece,1.75,~12 oz each (~$2.50),7,thistle; steaming; grilling,60,4.2,13,0.2,6.9
grape-tomatoes,Grape Tomatoes,vegetable,cup,1.5,1 pint ~10 oz (~$3.49),7,nightshade; fresh; salad; snacking,27,1.3,5.8,0.3,1.8
green-beans,Green beans,vegetable,cup,1.17,12 oz (~$3.50),7,,31,1.8,7,0.2,2.7
green-garlic,Green Garlic,vegetable,stalk,0.5,1 bunch (6 stalks),7,aromatic; allium; spring; mild,9,0.4,2,0,0.3
green-peas,Green peas (fresh),vegetable,cup,1.4,1 lb in pod (~$2.50),5,,117,8,21,0.6,7
green-tomato,Green Tomato,vegetable,piece,0.85,~5 oz each (~$2.49/lb),10,nightshade; frying; tart,33,1.7,7,0.3,1.7
habanero,Habanero,vegetable,pepper,0.4,single (~$0.40),14,,4,0.2,1,0,
hatch-chili,Hatch Chili,vegetable,piece,0.45,1 lb fresh (8-9 chilies),12,chili; new-mexico; seasonal; mild-medium,18,0.8,4,0.2,0.7
heirloom-tomato,Heirloom Tomato,vegetable,piece,1.5,~10 oz each (~$3.99/lb),5,nightshade; fresh; summer,33,1.6,7,0.4,2.2
italian-eggplant,Italian Eggplant,vegetable,piece,1.6,~12 oz each (~$2.29/lb),7,nightshade; roasting; grilling,25,1,6,0.2,3
jalapeno,Jalapeño,vegetable,pepper,0.3,single (~$0.30),14,,4,0.2,1,0,
japanese-eggplant,Japanese Eggplant,vegetable,piece,1.2,~6 oz each (~$3.49/lb),7,nightshade; asian; stir-fry; grilling,21,0.8,5,0.2,2.5
jicama,Jicama,vegetable,cup,0.6,1 root ~1.5 lb (~$2.49),21,root; raw; crunchy; mexican,49,0.9,11,0.1,6.4
kabocha-squash,Kabocha Squash,vegetable,cup,0.9,1 squash ~2.5 lb (~$1.99/lb),60,winter-squash; japanese; roasting; sweet,40,1.3,10,0.1,1.5
kaffir-lime-leaves,Kaffir lime leaves,vegetable,leaf,0.3,pack (~$3),14,,1,0,0,0,
kale,Kale,vegetable,cup,1,bunch (~$3),7,,33,3,6,0.6,1.3
kimchi,Kimchi,vegetable,1/4 cup,0.85,16 oz (~$7),60,,15,1,3,0,1
king-oyster-mushroom,King Oyster Mushroom,vegetable,cup,1.8,6 oz package (~$4.99),10,mushroom; meaty; grilling; umami,35,2.5,6,0.5,2.5
kohlrabi,Kohlrabi,vegetable,piece,1.1,1 bulb ~5 oz (~$1.79),21,brassica; root; raw; roasting,36,2.3,8.4,0.1,4.9
kohlrabi-greens,Kohlrabi Greens,vegetable,cup chopped,0.35,8 oz bunch,4,leafy; brassica,13,1.2,2.3,0.2,1.4
lacinato-kale,Lacinato Kale,vegetable,cup,0.55,1 bunch ~8 oz (~$2.79),6,leafy-green; brassica; tuscan; salad,9,0.9,1.4,0.2,0.9
leek,Leek,vegetable,piece,1.99,1 large leek (~$1.99),14,vegetarian; vegan; gluten-free; dairy-free,54,1.3,13,0.3,1.6
lemongrass,Lemongrass,vegetable,piece,1.49,1 stalk (~$1.49),14,vegetarian; vegan; gluten-free; dairy-free,5,0,1,0,
lettuce,Lettuce,vegetable,head,2.5,head (~$2.50),10,,50,4,10,0.5,6
lions-mane-mushroom,Lion's Mane Mushroom,vegetable,oz,0.94,4 oz package,7,specialty-mushroom; gourmet; umami,12,0.7,2,0.1,0.8
lotus-root,Lotus Root,vegetable,cup,1.8,1 lb (~$4.99),10,root; asian; stir-fry; crunchy,75,2.5,17,0.1,4.9
maitake-mushroom,Maitake Mushroom,vegetable,cup,2.2,4 oz package (~$4.99),7,mushroom; hen-of-the-woods; roasting; umami,22,1.4,4.5,0.1,1.7
malanga,Malanga,vegetable,cup cubed,0.75,1 lb root,21,tuber; caribbean; starchy; yautia,132,2,32,0.3,2.1
mizuna,Mizuna,vegetable,cup,0.9,1 bunch ~5 oz (~$3.49),5,leafy-green; asian; salad; peppery,8,1,1.3,0.1,0.8
morel-mushroom,Morel Mushroom,vegetable,oz,3.75,2 oz package,5,specialty-mushroom; wild; gourmet; seasonal,9,0.9,1.4,0.2,0.8
mushroom,Mushrooms,vegetable,cup,1.2,8 oz (~$3.50),7,,22,3,3,0.3,1
mustard-greens,Mustard Greens,vegetable,cup,0.45,1 bunch ~12 oz (~$2.49),5,leafy-green; braising; peppery,15,1.6,2.7,0.2,1.8
nameko-mushroom,Nameko Mushroom,vegetable,oz,0.85,3.5 oz package,7,specialty-mushroom; japanese; gelatinous,8,0.5,1.7,0.1,0.7
napa-cabbage,Napa cabbage,vegetable,piece,3.49,"1 small head (~2 lb, $3.49)",14,vegetarian; vegan; gluten-free; dairy-free; cheap,100,7,20,0.5,8
nopales,Nopales,vegetable,cup diced,0.4,1 lb fresh pads,10,cactus; mexican; prickly-pear,14,1.1,2.9,0.1,1.9
okra,Okra,vegetable,cup,3.99,"1 lb fresh (~$3.99, ~3.5 cups)",5,vegetarian; vegan; gluten-free; dairy-free,33,1.9,7.5,0.2,3.2
onion,Onion,vegetable,onion,0.55,3 lb bag (~$3.50),30,staple,45,1,11,0,2
orange-bell-pepper,Orange Bell Pepper,vegetable,piece,1.25,~6 oz each (~$1.49),10,nightshade; sweet; raw; roasting,46,1.5,9,0.3,1.7
oyster-mushroom,Oyster Mushroom,vegetable,cup,1.6,6 oz package (~$4.49),5,mushroom; sauteing; umami,28,2.9,5.2,0.4,2
padron-pepper,Padron Pepper,vegetable,piece,0.3,6 oz package,10,chili; spanish; tapas; mild,5,0.2,1.1,0,0.4
parsnips,Parsnip,vegetable,parsnip,0.75,bunch (~$3),30,,100,1.6,24,0.4,6.5
pattypan-squash,Pattypan Squash,vegetable,cup,1,~10 oz (~$2.99/lb),7,summer-squash; roasting; grilling,18,1.2,3.8,0.2,1.4
pea-shoots,Pea Shoots,vegetable,cup,0.65,4 oz container,4,asian-greens; tendrils; delicate,12,1.6,1.8,0.1,0.9
pico,Pico de gallo,vegetable,1/4 cup,0.75,12 oz tub (~$4.50),7,,15,0.5,4,0,
plantain,Plantain,vegetable,piece,0.99,1 plantain (~$0.99),10,vegetarian; vegan; gluten-free; dairy-free; cheap,218,2.3,57,0.7,4.1
portobello,Portobello mushrooms,vegetable,piece,4.99,2-pack caps (~$4.99),7,vegetarian; vegan; gluten-free; dairy-free; umami,22,2.1,3.9,0.4,1.3
potato,Potato,vegetable,potato,0.45,5 lb bag (~$4.50),30,staple; cheap,160,4,37,0,4
purple-sweet-potato,Purple Sweet Potato,vegetable,cup cubed,0.6,1.5 lb fresh,28,tuber; okinawan; starchy; antioxidant,140,2.6,32.5,0.1,4.6
radicchio,Radicchio,vegetable,cup,0.7,1 head ~6 oz (~$2.99),14,leafy-green; salad; bitter; chicory,9,0.6,1.8,0.1,0.4
radish,Radish,vegetable,bag,1.99,1 bunch / 6 oz bag (~$1.99),14,vegetarian; vegan; gluten-free; dairy-free,75,3.2,16,0.5,7.5
rainbow-chard,Rainbow Chard,vegetable,cup,0.75,1 bunch ~10 oz (~$3.49),5,leafy-green; braising,7,0.6,1.4,0.1,0.6
ramps,Ramps,vegetable,cup,2.5,1 bunch ~4 oz (~$8),5,allium; wild; spring; leafy,20,1,4,0.1,1.5
red-bell-pepper,Red Bell Pepper,vegetable,piece,1.25,~6 oz each (~$1.49),10,nightshade; sweet; raw; roasting,51,1.6,9.9,0.5,3.4
red-onion,Red onion,vegetable,piece,0.75,1 medium red onion (~$0.75),30,vegetarian; vegan; gluten-free; dairy-free,45,1,11,0,2
rocoto-pepper,Rocoto Pepper,vegetable,piece,1.1,8 oz fresh,10,chili; peruvian; spicy; manzano,22,1,4.6,0.3,1.5
romaine,Romaine lettuce,vegetable,bag,3.49,3-pack romaine hearts (~$3.49),10,vegetarian; vegan; gluten-free; dairy-free,,,,,
romanesco,Romanesco,vegetable,cup,1.1,1 head ~1.5 lb (~$3.99),7,brassica; roasting,25,2,5,0.3,2.5
russet-potato,Russet Potato,vegetable,piece,0.55,5 lb bag ~10 potatoes (~$4.49),45,root; starchy; baking; frying,168,4.5,37,0.2,2.7
rutabaga,Rutabaga,vegetable,piece,1.6,1 root ~1.3 lb (~$2.10),30,root; brassica; roasting,51,1.7,12,0.2,3.2
salsify,Salsify,vegetable,cup sliced,0.95,1 lb bunch,21,root; oyster-plant; uncommon,109,4.4,24.7,0.3,4.4
samphire,Samphire,vegetable,cup,1.25,4 oz package,5,sea-vegetable; saline; coastal,12,1,2,0.1,1.3
savoy-cabbage,Savoy Cabbage,vegetable,cup,0.4,1 head ~2 lb (~$1.49/lb),21,brassica; braising; wraps,19,1.4,4.3,0.1,2.2
scallion,Scallion,vegetable,stalk,0.2,bunch (~$1.25),7,,5,0.3,1,0,
sea-beans,Sea Beans,vegetable,cup,1.5,4 oz package,5,sea-vegetable; glasswort; saline; coastal,13,1,2.1,0.1,1.3
serrano,Serrano pepper,vegetable,pepper,0.25,single (~$0.25),14,,4,0.2,1,0,
shallot,Shallot,vegetable,shallot,0.75,single (~$0.75),30,,20,0.7,5,0,
shiitake,Shiitake mushrooms,vegetable,cup,4.99,"3.5 oz pack (~$4.99, ~3 cups sliced)",7,vegetarian; vegan; gluten-free; dairy-free; umami,30,1,5,0,2
shimeji-mushroom,Shimeji Mushroom,vegetable,oz,0.62,3.5 oz package,9,specialty-mushroom; beech; asian,11,0.8,2.3,0.1,0.9
shishito-peppers,Shishito peppers,vegetable,cup,1.5,6 oz bag (~$3.50),10,,30,1,6,0,2
snap-peas,Snap peas,vegetable,cup,3.49,"8 oz bag (~$3.49, ~3 cups)",7,vegetarian; vegan; gluten-free; dairy-free,41,2.7,7.4,0.2,2.5
snow-peas,Snow Peas,vegetable,cup,1.3,8 oz package (~$3.49),5,legume; stir-fry; raw; crunchy,26,1.8,4.8,0.1,1.7
spaghetti-squash,Spaghetti squash,vegetable,piece,4.49,"1 medium squash (~3 lb, $4.49)",60,vegetarian; vegan; gluten-free; dairy-free,135,2.9,31,1.3,6.8
spinach,Spinach,vegetable,cup,0.7,5 oz bag (~$3.50),5,,7,0.9,1,0,0.7
spring-mix,Spring mix,vegetable,bag,4.49,5 oz clamshell (~$4.49),5,vegetarian; vegan; gluten-free; dairy-free,40,3.2,7,0.6,3.5
sunchoke,Sunchoke,vegetable,cup,2,1 lb (~$5.99),14,root; jerusalem-artichoke; roasting,110,3,26,0,2.4
sweet-corn,Sweet corn,vegetable,piece,0.79,1 ear corn (~$0.79),5,vegetarian; vegan; gluten-free; dairy-free; cheap,90,3.3,19,1.3,2.4
sweet-potato,Sweet potato,vegetable,potato,1.2,single (~$1.20),30,,105,2,24,0,4
swiss-chard,Swiss Chard,vegetable,cup,0.65,1 bunch ~10 oz (~$2.99),5,leafy-green; braising,7,0.6,1.4,0.1,0.6
taro-leaf,Taro Leaf,vegetable,cup chopped,0.55,8 oz bunch,4,leafy; luau; tropical; cook-thoroughly,14,1.4,2.5,0.3,1.5
tatsoi,Tatsoi,vegetable,cup,0.85,1 bunch ~6 oz (~$3.49),5,leafy-green; asian; salad; brassica,10,1.2,1.6,0.1,0.9
thai-basil,Thai basil,vegetable,bag,2.49,0.75 oz pack (~$2.49),5,vegetarian; vegan; gluten-free; dairy-free,22,3,2.7,0.6,1.6
thai-chili,Thai chili,vegetable,pepper,0.12,single (~$0.12),14,,4,0.2,1,0,
thai-eggplant,Thai Eggplant,vegetable,cup,1.9,~8 oz (~$4.99/lb),7,nightshade; thai; curry,27,1,6.4,0.2,3.4
tomatillos,Tomatillos,vegetable,tomatillo,0.5,11 oz (~$2.50),14,,11,0.3,2,0.4,0.7
tomato,Tomato,vegetable,tomato,0.75,single (~$0.75),7,,22,1,5,0,1.5
turmeric-root,Turmeric Root,vegetable,tsp,0.2,~4 oz fresh (~$3.99),21,aromatic; fresh; rhizome,3,0.1,0.6,0,0.2
turnip,Turnip,vegetable,turnip,0.5,single (~$0.50),30,,34,1.1,8,0.1,2.2
turnip-greens,Turnip Greens,vegetable,cup,0.45,1 bunch ~12 oz (~$2.49),5,leafy-green; braising; southern,18,1,3.9,0.2,1.8
watercress,Watercress,vegetable,cup,0.8,1 bunch ~4 oz (~$2.99),4,leafy-green; salad; peppery,4,0.8,0.4,0,0.2
white-onion,White onion,vegetable,piece,0.65,1 medium white onion (~$0.65),30,vegetarian; vegan; gluten-free; dairy-free,44,1.2,10,0.1,1.9
winter-melon,Winter Melon,vegetable,cup cubed,0.4,2 lb wedge,21,asian; gourd; ash-gourd,17,0.5,4,0.2,3.9
wood-ear-mushroom,Wood Ear Mushroom,vegetable,cup,0.45,3 oz dried bag,540,specialty-mushroom; dried; asian; fungus,25,0.5,6.8,0,5.7
yardlong-beans,Yardlong Beans,vegetable,cup chopped,0.6,12 oz bunch,6,asian; long-beans; legume,47,2.6,8.4,0.4,2.5
yellow-bell-pepper,Yellow Bell Pepper,vegetable,piece,1.25,~6 oz each (~$1.49),10,nightshade; sweet; raw; roasting,50,1.9,12,0.4,1.7
yellow-squash,Yellow Squash,vegetable,piece,0.85,~6 oz each (~$1.79/lb),7,summer-squash; sauteing; grilling,31,2.3,6.5,0.4,2.2
yu-choi,Yu Choi,vegetable,cup chopped,0.5,1 lb bunch,5,asian-greens; leafy,15,1.5,2.4,0.2,1.1
yuca,Yuca,vegetable,cup,0.65,1 lb cassava root (~$1.49),7,root; starchy; cassava; latin,165,1.4,39,0.3,1.8
yukon-gold-potato,Yukon Gold Potato,vegetable,piece,0.5,5 lb bag ~15 potatoes (~$5.49),45,root; waxy; mashing; roasting,110,2.9,26,0.1,2
zucchini,Zucchini,vegetable,zucchini,1.1,single (~$1.10),7,,33,2.4,6,0.6,2
